source,target,weight
1.11,1.41,1.4185706434834358
1.11,1.42,1.416369304553468
1.11,1.45,1.4459414659936214
1.11,1.5,1.884336159877661
1.11,10.12,1.4259881435613568
1.11,10.41,1.5575967294030266
1.11,10.61,1.439073564099146
1.11,16.1,1.4587445885048875
1.11,16.21,1.4454779111133944
1.11,20.15,1.4352033983337358
1.12,1.22,1.410714647312179
1.12,1.27,1.406202684123708
1.12,2.3,1.433788202143805
1.12,10.61,1.5693434645316384
1.12,10.83,1.419076854126751
1.12,24.41,1.407147037565856
1.13,1.15,1.421461677371788
1.13,1.19,1.6261728392398616
1.13,1.21,1.5994284839052797
1.13,1.22,1.6973806451198792
1.13,1.23,1.700403763652889
1.13,1.24,1.7284192142487167
1.13,1.25,1.760639354161038
1.13,1.26,1.7467116883381868
1.13,1.3,1.5806228395924844
1.13,1.44,1.4480428907371683
1.13,1.45,1.4244093269883542
1.13,1.49,1.5170908119356752
1.13,1.5,1.5311821528116154
1.13,2.1,1.7036853821368203
1.13,3.21,1.4480312021772916
1.13,3.22,1.4480312021772916
1.13,8.11,1.5420371783934694
1.13,8.12,1.466575295950951
1.13,8.93,1.5235402336758788
1.13,10.13,1.4081634650756276
1.13,10.2,1.4218025416901918
1.13,10.31,1.6507151032761054
1.13,10.32,1.5879518013315068
1.13,10.39,1.7951500438899397
1.13,10.41,1.6132484862026053
1.13,10.51,1.6087551161524511
1.13,10.52,1.5480986305150075
1.13,10.61,1.5326752538381359
1.13,10.71,1.5521098992285982
1.13,10.72,1.5521098992285982
1.13,10.73,1.4913177399106228
1.13,10.81,1.4587745924522937
1.13,10.82,1.6198240995105735
1.13,10.84,1.5932614238720264
1.13,10.86,1.6449979335667098
1.13,10.89,1.510743412026074
1.13,10.91,1.4340102304672748
1.13,10.92,1.4216085921942707
1.13,11.05,1.4810578515806263
1.13,11.07,1.5112718222488057
1.13,12.0,1.5406068679842948
1.13,14.12,1.4436549629811293
1.13,14.13,1.4061411056165438
1.13,14.14,1.436768921633512
1.13,14.39,1.4355738281504824
1.13,17.21,1.4588040080919402
1.13,17.22,1.5600757502971243
1.13,20.15,1.4155224476730686
1.13,22.21,1.4014078570937227
1.13,22.22,1.4785261189470893
1.13,23.51,1.42338179881647
1.13,23.52,1.4770626070091206
1.13,38.11,1.4005106250660688
1.14,1.22,1.4197149631124533
1.14,1.23,1.4599790890257367
1.14,1.49,1.5180738372918492
1.14,3.11,1.5332842545020426
1.14,3.12,1.5332842545020426
1.14,7.29,1.4466566591955716
1.14,8.93,1.4272437708895147
1.14,10.2,1.4882262293429669
1.14,10.61,1.4058038936830182
1.14,14.39,1.4068290046880796
1.15,1.22,1.5403000958187474
1.15,1.26,1.511737652293956
1.15,1.27,1.5131749849860745
1.15,1.28,1.4636509979639234
1.15,1.49,1.5120132854060833
1.15,1.5,1.4664005322538034
1.15,2.3,1.433263630434924
1.15,3.11,1.5041554613947357
1.15,3.12,1.5041554613947357
1.15,10.2,1.4633519638419417
1.15,10.32,1.5278978164465653
1.15,10.39,1.4988768124085492
1.15,10.41,1.4439413133427803
1.15,10.61,1.620084762824817
1.15,10.71,1.5174287910552668
1.15,10.72,1.5174287910552668
1.15,10.81,1.5352213552974567
1.15,10.83,1.5024291496884925
1.15,10.84,1.4741908468454912
1.15,10.86,1.4432661511818172
1.15,11.05,1.4155267893336292
1.15,11.07,1.4476122437548369
1.15,12.0,1.7561306687843203
1.15,13.94,1.4270205107864118
1.15,14.12,1.6460372777864043
1.15,14.13,1.6098081841645304
1.15,14.14,1.6476650057047482
1.15,14.19,1.4361561356145849
1.15,14.31,1.4544911228815292
1.15,14.39,1.6396825713635332
1.15,17.21,1.4575193459384563
1.15,22.22,1.4230920450708875
1.15,23.51,1.5303727907538376
1.15,23.52,1.4483441569962094
1.15,24.41,1.4476791611409263
1.15,32.3,1.415779174994472
1.15,38.11,1.4868003241242311
1.16,13.1,1.9836640140368889
1.19,1.22,1.414633128688048
1.19,1.23,1.416269204477811
1.19,1.24,1.4515783502111883
1.19,1.25,1.9357415577969936
1.19,1.43,1.4713132237030189
1.19,2.1,1.9603107829130992
1.19,10.39,1.4385642087442871
1.19,20.2,1.4486635059323096
1.21,1.22,1.468405421993685
1.21,1.23,1.6665100586541817
1.21,1.24,1.6786214359391767
1.21,1.25,1.502598048319954
1.21,1.26,1.4333215743904029
1.21,1.45,1.4025840181977316
1.21,7.29,1.4380010038793285
1.21,8.11,1.493525697618438
1.21,10.39,1.507837565207349
1.21,11.02,1.4038562990252252
1.21,23.7,1.4194450863962178
1.22,1.23,1.6480452515034667
1.22,1.24,1.4621529709800145
1.22,1.25,1.5849965464968612
1.22,1.26,1.7251352386362335
1.22,1.27,1.6082095782812351
1.22,1.28,1.4945528040019542
1.22,1.3,1.4533245761044231
1.22,1.49,1.550909210886466
1.22,2.1,1.4760395770304968
1.22,2.3,1.4971368680902088
1.22,3.11,1.5574723428264434
1.22,3.12,1.5574723428264434
1.22,3.21,1.4018650764120115
1.22,3.22,1.4018650764120115
1.22,8.11,1.4059804890386984
1.22,8.93,1.4942245521504995
1.22,10.2,1.5708268641506955
1.22,10.31,1.4942093929275202
1.22,10.32,1.6359703594648902
1.22,10.39,1.723877347553429
1.22,10.42,1.4621659250409609
1.22,10.61,1.566714647174816
1.22,10.71,1.44074443989571
1.22,10.72,1.44074443989571
1.22,10.73,1.5342156622511829
1.22,10.81,1.4324208612403353
1.22,10.82,1.4984032941392993
1.22,10.83,1.6251371833498367
1.22,10.84,1.5559408171999891
1.22,10.86,1.4870264264761155
1.22,12.0,1.6070189994096384
1.22,14.12,1.4739526119853414
1.22,14.13,1.4421519948128882
1.22,14.14,1.5006132467179554
1.22,14.39,1.5264192795993323
1.22,22.22,1.4249951812544075
1.22,23.51,1.4693039228110265
1.22,23.52,1.4280033336638651
1.22,24.41,1.5979466457782612
1.23,1.24,1.5537649972643963
1.23,1.25,1.5705808417571243
1.23,1.26,1.6157802078705563
1.23,1.49,1.4616084346516902
1.23,1.5,1.4812181854840318
1.23,2.1,1.4397719073363515
1.23,8.11,1.4528260556383357
1.23,8.93,1.5070220908632868
1.23,10.31,1.4351134977775832
1.23,10.32,1.4858942628035012
1.23,10.39,1.6071005740308075
1.23,10.41,1.5122782734119644
1.23,10.61,1.5218066174378542
1.23,10.71,1.433691543363245
1.23,10.72,1.433691543363245
1.23,10.73,1.4243877941338383
1.23,10.82,1.4248999413285517
1.23,10.89,1.4381299803115168
1.23,12.0,1.4246367259176358
1.23,14.39,1.4036603966473613
1.23,23.51,1.419626223551334
1.23,24.41,1.4836161184397954
1.24,1.25,1.5831226870962332
1.24,1.26,1.5127801483333134
1.24,1.3,1.4168746195982531
1.24,1.45,1.5012608547568815
1.24,1.5,1.5189036478305695
1.24,2.1,1.5022750444176116
1.24,8.11,1.4113975168702344
1.24,10.31,1.604342802699764
1.24,10.32,1.467180981218542
1.24,10.39,1.6812670815319892
1.24,10.41,1.5068992786619404
1.24,10.51,1.5133162964820537
1.24,10.52,1.5327237912938645
1.24,10.82,1.427684866653797
1.24,10.86,1.5663809806353952
1.24,10.89,1.4294099125294708
1.24,11.02,1.5807977159093327
1.24,11.07,1.4195343794909796
1.24,15.11,1.414562852002737
1.24,17.22,1.4975807118261082
1.24,20.41,1.4040743299172362
1.25,1.26,1.4266450055996782
1.25,1.5,1.486681534457385
1.25,2.1,1.9443515131737368
1.25,7.29,1.4418993385872247
1.25,10.31,1.4732609255157119
1.25,10.32,1.4898342280110637
1.25,10.39,1.6118425387655124
1.25,10.41,1.4780893063647815
1.25,10.61,1.4979905725746685
1.25,20.2,1.4306286985497985
1.25,24.41,1.5001962573277965
1.26,1.28,1.406244289670454
1.26,1.3,1.5671564056251293
1.26,1.41,1.4204058888413489
1.26,1.42,1.4296459852137144
1.26,1.49,1.5307467584857466
1.26,3.11,1.462476972601188
1.26,3.12,1.462476972601188
1.26,8.11,1.4199212079532817
1.26,8.93,1.5952984246610344
1.26,10.2,1.4707511622943494
1.26,10.31,1.5491794834850665
1.26,10.32,1.64256166490875
1.26,10.39,1.7165072556172918
1.26,10.41,1.400913291483778
1.26,10.42,1.4765037964874836
1.26,10.51,1.5521044281899017
1.26,10.52,1.5301911722191566
1.26,10.61,1.5844216226747891
1.26,10.71,1.645343007847223
1.26,10.72,1.645343007847223
1.26,10.73,1.4611022980348058
1.26,10.81,1.5250280104504732
1.26,10.82,1.5087690205018505
1.26,10.84,1.5991621444740272
1.26,10.86,1.6737601206629926
1.26,10.89,1.4443897965689336
1.26,11.05,1.5177947494688904
1.26,11.07,1.5536166560301417
1.26,12.0,1.5330476991547854
1.26,14.12,1.6289229896933646
1.26,14.13,1.5763597303154642
1.26,14.14,1.609681182264914
1.26,14.31,1.456349900006423
1.26,14.39,1.6154758665677502
1.26,17.21,1.646845490173607
1.26,17.22,1.6296681055934967
1.26,17.23,1.4043623691070155
1.26,22.21,1.5189108095559751
1.26,22.22,1.6387027616639398
1.26,23.51,1.5594411155919616
1.26,23.52,1.5506459539444528
1.26,25.91,1.4412467989971298
1.26,25.92,1.4050984428678452
1.26,27.31,1.4388325797018715
1.26,27.32,1.4847034266746155
1.26,35.11,1.4043937561452922
1.26,38.11,1.4736028464421629
1.27,1.28,1.619931403819423
1.27,1.29,1.4613213124403703
1.27,1.49,1.4254342875278139
1.27,2.3,1.628407329052945
1.27,3.11,1.4564483122139729
1.27,3.12,1.4564483122139729
1.27,10.2,1.4904048092206137
1.27,10.61,1.542169398481839
1.27,10.83,1.9895811245006707
1.27,10.84,1.4790997241160388
1.27,12.0,1.4811032694291129
1.27,14.39,1.4059269482501668
1.27,17.23,1.4238842146722317
1.27,24.41,1.580934112021276
1.28,1.29,1.4000058054112654
1.28,1.49,1.510720718900835
1.28,2.3,1.532352936771609
1.28,3.11,1.5083898246111909
1.28,3.12,1.5083898246111909
1.28,8.93,1.4001643596478337
1.28,10.2,1.5640823781070226
1.28,10.61,1.4331422438123207
1.28,10.83,1.6241310268873703
1.28,10.84,1.6262184362916765
1.28,12.0,1.4750828399490308
1.28,13.94,1.415995136329244
1.28,14.12,1.4536449336129973
1.28,14.13,1.4308092082709556
1.28,14.14,1.4513538518895033
1.28,14.19,1.4053886644379128
1.28,14.39,1.4229901258815258
1.29,2.3,1.7859933875573808
1.29,3.11,1.4341226562367937
1.29,3.12,1.4341226562367937
1.29,10.2,1.4390743591632391
1.29,10.83,1.4819124752092427
1.3,2.1,1.4530212946572278
1.3,10.13,1.4040581497117397
1.3,10.32,1.43682928115145
1.3,10.39,1.493154415694986
1.3,10.51,1.424009999684835
1.3,10.52,1.5232122766250251
1.3,10.71,1.4333335110520342
1.3,10.72,1.4333335110520342
1.3,10.84,1.4926633450983773
1.3,10.85,1.4167810423917258
1.3,10.86,1.5260008957499738
1.3,10.89,1.4836746735477646
1.3,10.92,1.4002405757246892
1.3,11.05,1.426007130603463
1.3,11.07,1.411264748980733
1.3,14.12,1.4129746265556973
1.3,14.14,1.421415371052896
1.3,14.39,1.4273062113201889
1.3,17.21,1.4590295589892264
1.3,22.22,1.419064021396631
1.41,1.42,1.9992045711668565
1.41,1.47,1.4643566031733117
1.41,1.49,1.419799435089848
1.41,1.5,1.61321702015037
1.41,2.2,1.5133237696821735
1.41,8.93,1.5093450989278083
1.41,10.11,1.4087624061057964
1.41,10.13,1.6412334923182632
1.41,10.51,1.5754035485854778
1.41,10.52,1.4776149489749997
1.41,10.61,1.4408366313195549
1.41,10.71,1.4946604783605897
1.41,10.72,1.4946604783605897
1.41,10.81,1.4862024634964943
1.41,10.84,1.4158877857789545
1.41,10.86,1.5317716707733908
1.41,10.91,1.4343736306515185
1.41,10.92,1.4373690133065398
1.41,11.03,1.4694361713353612
1.41,11.05,1.592930001231907
1.41,11.07,1.5733851136614685
1.41,16.1,1.5479375894126468
1.41,16.21,1.5818276342977278
1.41,16.22,1.5114818802347356
1.41,16.23,1.5501204264582753
1.41,17.21,1.4339628234769597
1.41,17.22,1.4543617261183148
1.41,22.22,1.4928961371243177
1.41,23.51,1.4064392692353271
1.41,23.52,1.445979861222106
1.41,23.61,1.5313420890836211
1.41,23.69,1.4606786737395978
1.41,25.11,1.4844656297359815
1.41,25.12,1.4473969171276364
1.41,25.92,1.5073965280217068
1.41,31.03,1.4651646301194192
1.41,35.11,1.5734639488971358
1.41,38.11,1.5185606115134984
1.42,1.47,1.4668839815867243
1.42,1.49,1.4323119053391329
1.42,1.5,1.6173825580252643
1.42,2.2,1.5138677661548303
1.42,8.93,1.5192067780027658
1.42,10.11,1.4266865585547688
1.42,10.13,1.65017782887496
1.42,10.42,1.406140849859967
1.42,10.51,1.5874120990105938
1.42,10.52,1.4797870259575974
1.42,10.61,1.4482080393630798
1.42,10.71,1.5020551386205636
1.42,10.72,1.5020551386205636
1.42,10.81,1.488771667028296
1.42,10.84,1.4258582925270349
1.42,10.86,1.5407682716224411
1.42,10.91,1.4468919688305382
1.42,10.92,1.4494607813576466
1.42,11.03,1.4714587483876649
1.42,11.05,1.5961715788254398
1.42,11.07,1.5727468785725178
1.42,16.1,1.5487770140726718
1.42,16.21,1.5847064671868687
1.42,16.22,1.5120846117534428
1.42,16.23,1.5535589026401957
1.42,17.21,1.4421462613425104
1.42,17.22,1.467536887962351
1.42,22.22,1.4989739082658329
1.42,23.51,1.40490448974298
1.42,23.52,1.4531602149297824
1.42,23.61,1.5348184495511707
1.42,23.69,1.4637057515266665
1.42,25.11,1.4866364069823568
1.42,25.12,1.4487844000576078
1.42,25.92,1.5129153611208672
1.42,31.03,1.462062093824068
1.42,35.11,1.5717897900831208
1.42,38.11,1.5208938512253938
1.43,2.1,1.4601867481081132
1.43,10.11,1.6093656055100376
1.43,10.62,1.4640100561395006
1.43,20.17,1.4024271718162542
1.43,20.53,1.4527895002239164
1.43,20.59,1.4711048097086017
1.43,26.6,1.4620138500571351
1.43,28.3,1.4388301730989297
1.44,1.49,1.5772873228564754
1.44,3.11,1.4612424324306976
1.44,3.12,1.4612424324306976
1.44,3.21,1.9948898557843529
1.44,3.22,1.9948898557843529
1.44,10.84,1.4497908139156248
1.44,12.0,1.4838256436653785
1.44,23.51,1.4340115445345036
1.44,38.11,1.4592220065521602
1.45,1.5,1.5250404494409384
1.45,11.02,1.4602282555540498
1.46,8.92,1.5349821246304267
1.46,10.11,1.5426388415694752
1.46,10.12,1.423613106487262
1.46,10.62,1.4783144442623681
1.46,16.24,1.441907462510584
1.46,17.24,1.4513549786280364
1.46,28.3,1.4576267620810703
1.47,8.12,1.4064744351887275
1.47,10.12,1.464595112545363
1.47,10.13,1.5819329060260892
1.47,10.41,1.4507549990433317
1.47,10.51,1.5640241518756646
1.47,10.52,1.47552440562102
1.47,10.81,1.4401859480077803
1.47,10.86,1.482449207376906
1.47,10.91,1.504968663582775
1.47,10.92,1.51938620614658
1.47,11.05,1.5402177186179224
1.47,16.21,1.4457669445258143
1.47,16.22,1.4474724335266531
1.47,17.21,1.4276769613566929
1.47,17.22,1.4685566868076716
1.47,17.29,1.5031216030341101
1.47,20.41,1.4820694039366118
1.47,22.22,1.4385344776998743
1.47,23.32,1.489154587657748
1.47,23.61,1.415134427464202
1.47,23.65,1.4016704045795874
1.47,23.69,1.6036418527228578
1.47,24.33,1.4475173468629947
1.47,25.11,1.4666097402038258
1.47,25.12,1.4830417604507695
1.47,25.21,1.5387118487656726
1.47,25.91,1.5597455892820158
1.47,25.92,1.619624476835826
1.47,25.93,1.4097381316136253
1.47,29.31,1.4065729642215503
1.47,30.99,1.4822618932439755
1.47,31.01,1.4017152599801277
1.47,31.02,1.4017152599801277
1.47,35.11,1.4639298376314072
1.47,38.11,1.4193515302008883
1.47,58.13,1.5147662631639425
1.47,58.14,1.5147662631639425
1.47,58.19,1.4575350088594203
1.49,1.5,1.4796420976958795
1.49,2.2,1.4342634818296445
1.49,2.3,1.490502736086419
1.49,3.11,1.8110243037254627
1.49,3.12,1.8110243037254627
1.49,3.21,1.5861417491601073
1.49,3.22,1.5861417491601073
1.49,8.11,1.4740215210770764
1.49,8.93,1.6612094309781429
1.49,10.2,1.7915711270937005
1.49,10.32,1.4440719322999305
1.49,10.39,1.5036105246537623
1.49,10.42,1.4409137268256458
1.49,10.61,1.6080829747409782
1.49,10.71,1.4043377596549185
1.49,10.72,1.4043377596549185
1.49,10.83,1.4516097272788682
1.49,10.84,1.5549316624124727
1.49,10.86,1.4211395421842423
1.49,12.0,1.5679352522643493
1.49,13.94,1.5247205590686883
1.49,14.12,1.5548444358461428
1.49,14.13,1.5488194683598346
1.49,14.14,1.5805083072509565
1.49,14.39,1.5580061880195208
1.49,17.21,1.4077765557885824
1.49,23.51,1.501558063377261
1.49,23.52,1.5121829418321269
1.49,24.41,1.4503392211003618
1.49,38.11,1.4163616165296884
1.5,2.1,1.4108983889176905
1.5,2.2,1.4757569753453326
1.5,8.12,1.4887088061860263
1.5,8.93,1.4747559310980445
1.5,10.11,1.4080534576594672
1.5,10.13,1.426832768187126
1.5,10.31,1.4628187172814542
1.5,10.32,1.4178593527009045
1.5,10.39,1.5387687784567063
1.5,10.41,1.7098335899594668
1.5,10.51,1.5113518576010443
1.5,10.61,1.6697871373301858
1.5,10.71,1.4378837734065475
1.5,10.72,1.4378837734065475
1.5,10.81,1.5889531773560392
1.5,10.86,1.4983512121944156
1.5,10.89,1.4584575337852188
1.5,11.05,1.5085410779921082
1.5,11.07,1.4603256662053523
1.5,12.0,1.4585528792777755
1.5,16.1,1.5371184302171872
1.5,16.21,1.5092887073662586
1.5,20.15,1.546625054969209
1.5,23.52,1.4843977792609504
1.5,35.11,1.4829495057175572
1.5,38.11,1.4885271835667198
2.1,10.31,1.4263102936925418
2.1,10.32,1.4366581818279347
2.1,10.39,1.5188041861479318
2.1,10.41,1.4274761588283496
2.1,10.51,1.4082865784331442
2.1,10.61,1.4146302185591937
2.1,20.2,1.481282959010778
2.2,8.93,1.4186500273645912
2.2,10.13,1.4117501701020967
2.2,10.2,1.4540388228000816
2.2,10.42,1.441014210460975
2.2,10.61,1.4317864585625864
2.2,10.81,1.4162353539500137
2.2,11.05,1.4179306017996451
2.2,14.31,1.4058903621776673
2.2,16.1,1.9423689727447448
2.2,16.21,1.5881144595675138
2.2,16.22,1.5825180535075778
2.2,16.23,1.5979180301947764
2.2,16.29,1.4734812449833423
2.2,17.21,1.4558540904410169
2.2,20.15,1.4779596712277665
2.2,22.22,1.4403375229004625
2.2,23.51,1.4522499411906813
2.2,23.52,1.476634392881146
2.2,23.61,1.5574757671927326
2.2,23.69,1.48169308310105
2.2,24.33,1.4060397176971882
2.2,25.11,1.485021988969195
2.2,25.12,1.4400516103771124
2.2,31.01,1.419025401224126
2.2,31.02,1.419025401224126
2.2,31.03,1.4132038978053134
2.2,35.11,1.5568115520550054
2.2,38.11,1.5493119289086168
2.3,3.11,1.5793403217243238
2.3,3.12,1.5793403217243238
2.3,6.1,1.405638515915267
2.3,10.2,1.5472721380089525
2.3,10.83,1.6583335194643944
2.3,12.0,1.4161248442338867
2.3,13.94,1.4138787827815706
3.11,3.12,2.0
3.11,3.21,1.485628638521752
3.11,3.22,1.485628638521752
3.11,8.93,1.5670969189947292
3.11,10.2,1.9191926858913764
3.11,10.32,1.4019354549292251
3.11,10.39,1.4134583284055704
3.11,10.61,1.423723658837624
3.11,10.83,1.4759573956565448
3.11,10.84,1.5569104579130726
3.11,12.0,1.5269367199731192
3.11,13.94,1.5436973596970072
3.11,14.12,1.5028388523577512
3.11,14.13,1.4987250517348336
3.11,14.14,1.5607667758950514
3.11,14.19,1.4161263840445577
3.11,14.39,1.5597487009884758
3.11,23.51,1.4493009229501936
3.11,23.52,1.4135206472949204
3.11,24.41,1.4059782862163166
3.12,3.21,1.485628638521752
3.12,3.22,1.485628638521752
3.12,8.93,1.5670969189947297
3.12,10.2,1.9191926858913764
3.12,10.32,1.4019354549292251
3.12,10.39,1.4134583284055704
3.12,10.61,1.423723658837624
3.12,10.83,1.4759573956565448
3.12,10.84,1.5569104579130726
3.12,12.0,1.5269367199731192
3.12,13.94,1.5436973596970074
3.12,14.12,1.502838852357751
3.12,14.13,1.4987250517348336
3.12,14.14,1.5607667758950514
3.12,14.19,1.4161263840445577
3.12,14.39,1.5597487009884758
3.12,23.51,1.4493009229501936
3.12,23.52,1.4135206472949204
3.12,24.41,1.4059782862163166
3.21,3.22,2.0
3.21,10.84,1.455023021566864
3.21,12.0,1.4908119256453398
3.21,23.51,1.4396837265835445
3.21,38.11,1.4528438977665157
3.22,10.84,1.4550230215668636
3.22,12.0,1.4908119256453398
3.22,23.51,1.439683726583544
3.22,38.11,1.4528438977665157
5.1,7.1,1.5649275000459015
5.1,7.29,1.4470034945567356
5.1,17.11,1.4232501429798967
5.1,20.13,1.448137490017393
5.1,24.46,1.5019238757455242
5.1,30.4,1.405165251490973
6.1,6.2,1.5555419907522818
6.1,7.29,1.4097202371248756
6.1,19.2,1.5077377309164317
6.2,19.2,1.54152957155027
7.1,7.29,1.5212531473485569
7.1,17.11,1.4400800593413736
7.1,20.13,1.4494111203952678
7.29,8.91,1.4407197216998442
8.11,8.12,1.4316016385380124
8.11,8.91,1.521834025269945
8.11,10.39,1.5435070192772369
8.11,10.41,1.4464308330496571
8.11,10.61,1.4051687578386565
8.11,10.71,1.4170763837522278
8.11,10.72,1.4170763837522278
8.11,10.73,1.4333313838342845
8.11,10.86,1.4194631551186556
8.11,10.89,1.4139224900344876
8.11,12.0,1.4651871393316171
8.11,14.12,1.445440743218562
8.11,14.13,1.4268350892786066
8.11,14.14,1.4721888736817548
8.11,14.39,1.4064475109260428
8.11,17.22,1.4114895514818329
8.11,23.52,1.539934266923542
8.11,23.7,1.4980890825066333
8.12,8.91,1.4549288643989162
8.12,10.41,1.5413240324251758
8.12,10.51,1.4302771151415363
8.12,10.71,1.4159474478863179
8.12,10.72,1.4159474478863179
8.12,10.82,1.4194409131714525
8.12,12.0,1.4391031782193011
8.12,20.15,1.4215097669553491
8.12,23.52,1.4670229337525218
8.12,25.92,1.4294316486441114
8.12,35.11,1.5210087581186076
8.12,38.11,1.5459658487442778
8.91,8.93,1.4023390218504197
8.92,17.24,1.4699637832042811
8.92,28.3,1.4306707901035416
8.93,10.13,1.4028355302436122
8.93,10.2,1.6259729988553424
8.93,10.32,1.4751032189393891
8.93,10.39,1.4665036713093769
8.93,10.42,1.47406593649091
8.93,10.51,1.450015743633903
8.93,10.61,1.5524297380436232
8.93,10.71,1.448846471038694
8.93,10.72,1.448846471038694
8.93,10.81,1.4422698653674904
8.93,10.84,1.5915738384120892
8.93,10.86,1.4874059462927156
8.93,11.07,1.4207410344953382
8.93,12.0,1.4391459062884873
8.93,14.12,1.4482130390325667
8.93,14.13,1.4005283069240215
8.93,14.14,1.4405932466775593
8.93,16.1,1.4433509836449496
8.93,17.21,1.4710201347756748
8.93,20.15,1.4905182550721567
8.93,23.51,1.5462463552241263
8.93,23.52,1.4063219967353784
8.93,24.41,1.4381404245857283
8.93,35.11,1.4805640547641183
8.93,38.11,1.4329645524848644
8.99,24.41,1.4122769101118766
8.99,32.12,1.4476277228383438
8.99,35.21,1.5352693259180143
8.99,91.02,1.4016497422918084
10.11,10.12,1.4909470345137188
10.11,10.13,1.4905871405040434
10.11,10.51,1.5240465520410946
10.11,10.62,1.5400634166298313
10.11,10.91,1.4832416307710774
10.11,10.92,1.4686917813425469
10.11,11.06,1.4665531508524308
10.11,20.2,1.4723372075518897
10.11,28.3,1.5469453094171484
10.11,28.92,1.4381530674779723
10.11,32.11,1.437156075918162
10.12,10.13,1.4413771744310018
10.12,10.41,1.4089921844133575
10.12,10.62,1.4981151880442072
10.12,16.21,1.4310012843787356
10.12,25.21,1.5032381251694529
10.12,28.3,1.4693750321744188
10.13,10.31,1.4669565835726568
10.13,10.32,1.5264202425652893
10.13,10.39,1.433715035645029
10.13,10.41,1.4125415960150949
10.13,10.42,1.48502889234061
10.13,10.51,1.7608146323396798
10.13,10.52,1.634962671034054
10.13,10.61,1.4247415943546005
10.13,10.71,1.5235592822439354
10.13,10.72,1.5235592822439354
10.13,10.81,1.4930460497530966
10.13,10.84,1.5084195695914755
10.13,10.86,1.8247071418810341
10.13,10.91,1.6485644896664882
10.13,10.92,1.6588034995624437
10.13,11.03,1.5312613130374677
10.13,11.05,1.7209132543310033
10.13,11.07,1.6462001988708437
10.13,16.1,1.4272954557144633
10.13,16.21,1.6352522695570733
10.13,16.22,1.6015105161393102
10.13,16.23,1.5650233435314354
10.13,17.21,1.5266705558276232
10.13,17.22,1.5850995563415338
10.13,17.23,1.4213315534942337
10.13,20.3,1.4628117253880102
10.13,20.41,1.417913130496122
10.13,22.22,1.593058746575413
10.13,22.23,1.4810111609199372
10.13,23.32,1.5193285935350525
10.13,23.52,1.4358993676193839
10.13,23.61,1.5506683507901626
10.13,23.62,1.4088933578630802
10.13,23.65,1.4064457258965049
10.13,23.69,1.6124409498247108
10.13,24.33,1.5656299941679752
10.13,25.11,1.6139114905029128
10.13,25.12,1.6107513484848923
10.13,25.21,1.4372950540123823
10.13,25.29,1.4029093217169966
10.13,25.91,1.5901102542149106
10.13,25.92,1.573590123560532
10.13,30.99,1.481701734514715
10.13,31.01,1.429492224610518
10.13,31.02,1.429492224610518
10.13,31.03,1.5245089258417872
10.13,35.11,1.4634065509631708
10.13,38.11,1.4307962881477638
10.13,58.13,1.494420574040339
10.13,58.14,1.494420574040339
10.13,58.19,1.4907559188565904
10.2,10.32,1.4334636409646098
10.2,10.39,1.4157266472562875
10.2,10.42,1.515710775955449
10.2,10.61,1.4812296810044363
10.2,10.73,1.4086177542293952
10.2,10.83,1.5061834062023751
10.2,10.84,1.6153901701438094
10.2,12.0,1.5085332349049998
10.2,13.94,1.5727986741129671
10.2,14.12,1.5032261518034833
10.2,14.13,1.5046246829906351
10.2,14.14,1.5425769358668904
10.2,14.39,1.5301279194113238
10.2,16.1,1.4224450220848817
10.2,23.51,1.4537580055749446
10.2,24.41,1.432239419979747
10.31,10.32,1.5619457909274497
10.31,10.39,1.9141664921981665
10.31,10.41,1.5080096042478033
10.31,10.51,1.5072599968443994
10.31,10.52,1.4956248471884173
10.31,10.61,1.462892809023707
10.31,10.71,1.524378420173874
10.31,10.72,1.524378420173874
10.31,10.81,1.4092946058358402
10.31,10.82,1.5594970236791983
10.31,10.84,1.4831770723221638
10.31,10.86,1.6863286362922605
10.31,10.91,1.461273984661891
10.31,10.92,1.4560608987926509
10.31,11.05,1.4992826381224034
10.31,11.07,1.4465184533299271
10.31,17.22,1.5509628045405426
10.31,22.22,1.4003093758179097
10.31,23.52,1.4440108972321628
10.32,10.39,1.7202933759203884
10.32,10.41,1.4299849299064131
10.32,10.42,1.5877768174246465
10.32,10.51,1.5631209416938936
10.32,10.52,1.4626486454397818
10.32,10.61,1.6280982307142169
10.32,10.71,1.6105743516468445
10.32,10.72,1.6105743516468445
10.32,10.81,1.530651894249956
10.32,10.82,1.4420867927720713
10.32,10.84,1.639099404649493
10.32,10.86,1.7440543295916051
10.32,10.91,1.4255763381345905
10.32,10.92,1.42666022199816
10.32,11.05,1.6285970422134368
10.32,11.07,1.6114301687758847
10.32,12.0,1.5139780098591582
10.32,14.39,1.4036712851886084
10.32,17.21,1.5129891070850907
10.32,17.22,1.5824281864984515
10.32,22.21,1.4502995176694669
10.32,22.22,1.5320159969984235
10.32,23.51,1.5003203062851167
10.32,23.52,1.4653000505450446
10.32,24.33,1.409609137548925
10.32,25.91,1.4241326357405228
10.32,25.92,1.4194431163432304
10.32,35.11,1.420343490455047
10.39,10.41,1.5870699631513263
10.39,10.42,1.4879207121704716
10.39,10.51,1.546390743143708
10.39,10.52,1.547333582356056
10.39,10.61,1.6114840109685902
10.39,10.71,1.6233852795259622
10.39,10.72,1.6233852795259622
10.39,10.73,1.4075032978765205
10.39,10.81,1.4904978942773786
10.39,10.82,1.6188570770270894
10.39,10.84,1.5978043004612783
10.39,10.86,1.7584175153468533
10.39,10.89,1.4619723858599962
10.39,10.91,1.4442331911677493
10.39,10.92,1.4377506491007743
10.39,11.05,1.5379957928255932
10.39,11.07,1.524647791144098
10.39,12.0,1.5525873940749553
10.39,14.12,1.48113543866881
10.39,14.13,1.4334465910594152
10.39,14.14,1.460517857632082
10.39,14.39,1.4733382159595525
10.39,17.21,1.458561090714593
10.39,17.22,1.5923140853720334
10.39,20.15,1.4206062240742356
10.39,22.22,1.4774041338317452
10.39,23.51,1.4043563693923908
10.39,23.52,1.5618370145107623
10.41,10.42,1.4181572373631344
10.41,10.51,1.4907479500663463
10.41,10.52,1.4208249840312042
10.41,10.61,1.5959559175923992
10.41,10.71,1.438080399481496
10.41,10.72,1.438080399481496
10.41,10.81,1.547525834804926
10.41,10.82,1.4349491453362822
10.41,10.86,1.5549247854402652
10.41,10.89,1.4292234114599496
10.41,11.05,1.5025484266538487
10.41,11.07,1.4667958800622298
10.41,12.0,1.4866586506230983
10.41,17.22,1.4816444809801517
10.41,20.15,1.4708455465114925
10.41,23.52,1.424593469833555
10.41,35.11,1.40136276396081
10.41,38.11,1.405719218928872
10.42,10.51,1.5234287757509526
10.42,10.52,1.5139315901879034
10.42,10.61,1.5470341212783028
10.42,10.71,1.5534567885996966
10.42,10.72,1.5534567885996966
10.42,10.84,1.6519311813667563
10.42,10.86,1.5950441734067475
10.42,10.89,1.4108864376626191
10.42,10.92,1.4040962398979304
10.42,11.03,1.4309153944343105
10.42,11.05,1.5246930057283992
10.42,11.07,1.4737808579354892
10.42,12.0,1.4849572225111196
10.42,16.1,1.4759446545291282
10.42,16.21,1.5275201255856392
10.42,16.22,1.4637195560301357
10.42,16.23,1.5068237173452803
10.42,17.21,1.5346019278315262
10.42,17.22,1.5190855631546798
10.42,17.23,1.4863483002312847
10.42,20.15,1.4677763520055709
10.42,22.21,1.4818459781198334
10.42,22.22,1.5071006506695666
10.42,23.51,1.401372028540944
10.42,23.52,1.5468710177134173
10.42,23.61,1.5043593082919724
10.42,23.62,1.4283519248899688
10.42,23.69,1.5181602074617666
10.42,24.33,1.5358823608989982
10.42,25.11,1.5371962331612492
10.42,25.12,1.520598075790879
10.42,25.91,1.5203924482158755
10.42,25.92,1.4124195898349627
10.42,35.11,1.4336246958029988
10.51,10.52,1.7233251837087873
10.51,10.61,1.5010825564278274
10.51,10.62,1.4773161399384809
10.51,10.71,1.6986770855587645
10.51,10.72,1.6986770855587645
10.51,10.81,1.5500316700380088
10.51,10.82,1.518376530393447
10.51,10.84,1.5596770171638503
10.51,10.86,1.795395168213627
10.51,10.89,1.5477461804632742
10.51,10.91,1.687590688694801
10.51,10.92,1.6877818442034658
10.51,11.03,1.5490883292273339
10.51,11.05,1.7164638128648215
10.51,11.06,1.4334628309741408
10.51,11.07,1.6360579537210538
10.51,12.0,1.4951084598091489
10.51,16.1,1.4039777013375965
10.51,16.21,1.571105982441923
10.51,16.22,1.5264558295975774
10.51,16.23,1.4683106329563718
10.51,17.21,1.5486250257676324
10.51,17.22,1.7474177921649299
10.51,17.29,1.4779767070427081
10.51,20.15,1.4099934951321502
10.51,20.3,1.6156084056013629
10.51,21.2,1.5138868067781792
10.51,22.21,1.5753869231069235
10.51,22.22,1.6301706326350345
10.51,23.32,1.4552836003653216
10.51,23.52,1.5472476102326422
10.51,23.61,1.476629919967735
10.51,23.69,1.5929868220145669
10.51,24.33,1.5217435164221924
10.51,25.11,1.5249358096084578
10.51,25.12,1.5296574642847376
10.51,25.91,1.591219919561583
10.51,25.92,1.6435691137683281
10.51,30.99,1.480043540071601
10.51,35.11,1.5642708266988214
10.51,38.11,1.5237330911054785
10.51,58.13,1.525834658901597
10.51,58.14,1.525834658901597
10.51,58.19,1.64511852127783
10.52,10.71,1.7116558041481391
10.52,10.72,1.7116558041481391
10.52,10.82,1.5191891547980765
10.52,10.84,1.5249097230975623
10.52,10.86,1.7753837786392468
10.52,10.89,1.4799078453134566
10.52,10.91,1.5014114552684474
10.52,10.92,1.5083534656371946
10.52,11.03,1.4902882856765343
10.52,11.05,1.7207333272239267
10.52,11.07,1.6731688664775624
10.52,12.0,1.4420508813172122
10.52,14.12,1.4375530501207832
10.52,14.31,1.4953691595022105
10.52,16.21,1.4974645650073473
10.52,16.22,1.4935591943969542
10.52,16.23,1.5059510933977034
10.52,17.21,1.5936668602988366
10.52,17.22,1.6918735645475411
10.52,17.23,1.4336931285504193
10.52,17.29,1.415101020056206
10.52,20.3,1.5907056717104855
10.52,20.41,1.4502496229402817
10.52,21.2,1.5477847002847471
10.52,22.21,1.6169123549024969
10.52,22.22,1.6051347269757787
10.52,22.23,1.4559896111395805
10.52,23.32,1.598923263458876
10.52,23.52,1.527072346108472
10.52,23.61,1.5392507935494433
10.52,23.69,1.6273234567502497
10.52,24.33,1.609686600235064
10.52,25.11,1.6146171537402498
10.52,25.12,1.6185758678788067
10.52,25.21,1.4130653442126169
10.52,25.29,1.461674204995732
10.52,25.91,1.6691805019542425
10.52,25.92,1.6421148214612886
10.52,27.32,1.4115736357109083
10.52,30.99,1.431629057449415
10.52,31.01,1.423666906609446
10.52,31.02,1.423666906609446
10.52,31.03,1.4856665017232378
10.52,35.11,1.5404466352504294
10.52,38.11,1.4534441278886556
10.52,58.11,1.5659771088053742
10.52,58.13,1.60861141252576
10.52,58.14,1.60861141252576
10.52,58.19,1.620884690099187
10.61,10.71,1.554607598222788
10.61,10.72,1.554607598222788
10.61,10.73,1.4054353158060882
10.61,10.81,1.6525009044916137
10.61,10.83,1.5419860170835822
10.61,10.84,1.5826385762588742
10.61,10.86,1.5994527322579808
10.61,10.89,1.4409585684215946
10.61,10.91,1.4336123756066916
10.61,10.92,1.4324138685685008
10.61,11.05,1.5222613793979023
10.61,11.07,1.5226296819242906
10.61,12.0,1.6051577834335644
10.61,13.94,1.4356149667966207
10.61,14.12,1.495719323407566
10.61,14.13,1.454212365692005
10.61,14.14,1.4895520474331612
10.61,14.39,1.4850058991467068
10.61,16.1,1.449093920141561
10.61,17.21,1.4758664421198855
10.61,17.22,1.43444288083604
10.61,17.23,1.4303086164721428
10.61,20.15,1.4378208411824631
10.61,22.21,1.4194460036599843
10.61,22.22,1.4990649215504632
10.61,23.51,1.5323381459743148
10.61,23.52,1.6373149267857865
10.61,24.41,1.4948253694225606
10.61,25.91,1.4331327428374223
10.61,27.32,1.426674970397299
10.61,35.11,1.4749682311691426
10.61,38.11,1.5510288199848885
10.62,10.91,1.5136893977079664
10.62,10.92,1.5107561667541092
10.62,11.06,1.4106727446571712
10.62,20.52,1.5534508722704843
10.62,21.2,1.4427928847181497
10.62,25.21,1.4589357701713164
10.62,26.6,1.4355020631624742
10.62,28.3,1.6373293349171938
10.71,10.72,2.0
10.71,10.81,1.4522802910230648
10.71,10.82,1.5132226524644388
10.71,10.84,1.647833344788669
10.71,10.86,1.7506327309377996
10.71,10.89,1.4820510938200513
10.71,10.91,1.5346845878067494
10.71,10.92,1.536202775063638
10.71,11.03,1.4313003381412075
10.71,11.05,1.7211430522775617
10.71,11.07,1.6646616180335334
10.71,12.0,1.6433125092110537
10.71,14.12,1.5246281786954323
10.71,14.13,1.455477023195479
10.71,14.14,1.4517260952539617
10.71,14.39,1.4506932546200202
10.71,16.21,1.4257192919113468
10.71,16.22,1.4506681767039762
10.71,16.23,1.4411000647821048
10.71,17.21,1.7262510797338997
10.71,17.22,1.6900931398278003
10.71,17.23,1.4545700556545529
10.71,20.3,1.462295055969116
10.71,22.21,1.6363624511182886
10.71,22.22,1.6933774655110714
10.71,23.51,1.5410428781997638
10.71,23.52,1.6274603675982169
10.71,23.61,1.461754217759596
10.71,23.69,1.5362958073874955
10.71,24.33,1.5195876395946848
10.71,25.11,1.5133330983548872
10.71,25.12,1.5151114941745751
10.71,25.29,1.4687493880870934
10.71,25.91,1.657482218384967
10.71,25.92,1.6157333798859863
10.71,27.31,1.4836756156115831
10.71,27.32,1.5290978521797014
10.71,35.11,1.5777427136745883
10.71,38.11,1.6379997130011104
10.71,58.19,1.5295915422250606
10.72,10.81,1.4522802910230648
10.72,10.82,1.5132226524644388
10.72,10.84,1.647833344788669
10.72,10.86,1.7506327309377996
10.72,10.89,1.4820510938200513
10.72,10.91,1.5346845878067494
10.72,10.92,1.536202775063638
10.72,11.03,1.4313003381412075
10.72,11.05,1.7211430522775617
10.72,11.07,1.6646616180335334
10.72,12.0,1.6433125092110537
10.72,14.12,1.5246281786954323
10.72,14.13,1.455477023195479
10.72,14.14,1.4517260952539617
10.72,14.39,1.4506932546200202
10.72,16.21,1.4257192919113468
10.72,16.22,1.4506681767039762
10.72,16.23,1.4411000647821048
10.72,17.21,1.7262510797338997
10.72,17.22,1.6900931398278003
10.72,17.23,1.4545700556545529
10.72,20.3,1.462295055969116
10.72,22.21,1.6363624511182886
10.72,22.22,1.6933774655110714
10.72,23.51,1.5410428781997638
10.72,23.52,1.6274603675982169
10.72,23.61,1.461754217759596
10.72,23.69,1.5362958073874955
10.72,24.33,1.5195876395946848
10.72,25.11,1.5133330983548872
10.72,25.12,1.5151114941745751
10.72,25.29,1.4687493880870934
10.72,25.91,1.657482218384967
10.72,25.92,1.6157333798859863
10.72,27.31,1.4836756156115831
10.72,27.32,1.5290978521797014
10.72,35.11,1.5777427136745883
10.72,38.11,1.6379997130011104
10.72,58.19,1.5295915422250606
10.73,10.84,1.4186996287367184
10.73,12.0,1.4153017231215108
10.73,14.14,1.4195693300850254
10.81,10.84,1.4392075912179256
10.81,10.86,1.5676013623916614
10.81,10.91,1.4618140397297457
10.81,10.92,1.4609680966778191
10.81,11.05,1.6220500412375198
10.81,11.07,1.5513600224778965
10.81,12.0,1.5199717283813483
10.81,16.1,1.4487670104150636
10.81,17.21,1.4581067556443963
10.81,17.22,1.4637744720973451
10.81,17.23,1.4119894228847378
10.81,22.22,1.4707106114297577
10.81,23.51,1.5137662271225665
10.81,23.52,1.5089540012448726
10.81,25.92,1.4815734709130637
10.81,35.11,1.4983132614286534
10.81,38.11,1.525235255686435
10.82,10.84,1.5530734628605671
10.82,10.86,1.5101497062407674
10.82,10.91,1.434373937058413
10.82,10.92,1.4358294846829185
10.82,11.05,1.4936237162749688
10.82,12.0,1.5263138413609076
10.82,17.22,1.5254774732992191
10.82,17.23,1.4463002515027137
10.82,20.41,1.4221795418710514
10.82,22.21,1.4384172544908762
10.82,22.22,1.4674381962676772
10.82,23.52,1.4589064055879084
10.82,25.91,1.4036559028320157
10.82,25.92,1.4310923769700823
10.82,38.11,1.4226647398210035
10.83,10.84,1.48956809166264
10.83,12.0,1.506445053713472
10.83,14.39,1.4014454955819615
10.83,17.23,1.4472892165697455
10.83,24.41,1.5727664279306977
10.84,10.85,1.4161949391637234
10.84,10.86,1.6592030660430384
10.84,10.89,1.4972969961361169
10.84,10.91,1.5001588211348955
10.84,10.92,1.4985335609458343
10.84,11.05,1.6441716266604274
10.84,11.07,1.5636722830226737
10.84,12.0,1.6004982552312408
10.84,13.94,1.4665477687043171
10.84,14.12,1.506340696228675
10.84,14.13,1.4307766343831343
10.84,14.14,1.4621770918146928
10.84,14.39,1.4433075483411395
10.84,17.21,1.6330056688152998
10.84,17.22,1.4443374152112536
10.84,17.23,1.547100371495944
10.84,22.21,1.534004180353869
10.84,22.22,1.5444441847778507
10.84,23.51,1.5415015410932218
10.84,23.52,1.5411929389869972
10.84,25.91,1.559928562193465
10.84,25.92,1.4350625393723977
10.84,35.11,1.4354898870842332
10.84,38.11,1.5403949851826386
10.84,58.19,1.4024439414674943
10.85,10.89,1.9253777253464863
10.85,11.03,1.4147758296140722
10.86,10.89,1.48242831171585
10.86,10.91,1.6290551331490026
10.86,10.92,1.6352637921514332
10.86,11.03,1.4779863865674592
10.86,11.05,1.7826145990559843
10.86,11.07,1.765471707868278
10.86,12.0,1.5329787452276094
10.86,14.12,1.5409444115181876
10.86,14.13,1.467061861496683
10.86,14.14,1.4851459106916536
10.86,14.31,1.4972948199799494
10.86,14.39,1.4525952834905296
10.86,16.21,1.5828221144284176
10.86,16.22,1.5624630001861974
10.86,16.23,1.5123772278623884
10.86,17.21,1.688047876504358
10.86,17.22,1.7492302722330293
10.86,17.23,1.515177469921826
10.86,20.3,1.4508631606987703
10.86,20.41,1.4279476399764686
10.86,21.2,1.413354766815576
10.86,22.21,1.551580670296385
10.86,22.22,1.7119672660355092
10.86,22.23,1.4296209474412318
10.86,23.32,1.4700376961004569
10.86,23.51,1.4428427447358219
10.86,23.52,1.6200261441503818
10.86,23.61,1.5038671034816455
10.86,23.62,1.4119159272505628
10.86,23.69,1.5980497377170508
10.86,24.33,1.6226796717293714
10.86,25.11,1.6236432113657
10.86,25.12,1.6369752896338627
10.86,25.29,1.4319262657518512
10.86,25.91,1.6791565963673347
10.86,25.92,1.6459489390416984
10.86,27.31,1.4350784346672043
10.86,27.32,1.4802078709991262
10.86,31.03,1.4671670377643349
10.86,35.11,1.570595723903096
10.86,38.11,1.5185368423172458
10.86,58.13,1.41869927777465
10.86,58.14,1.41869927777465
10.86,58.19,1.5191839303669663
10.89,10.91,1.4787128795981686
10.89,10.92,1.4706040597563383
10.89,11.03,1.4928668726700125
10.89,11.05,1.4880031296707268
10.89,11.07,1.4670079878607885
10.89,17.22,1.410310933344236
10.89,20.3,1.4072550322119564
10.89,22.21,1.4260152708631226
10.89,23.52,1.4239220163921864
10.89,25.92,1.5112913851237435
10.89,35.11,1.4064506671803474
10.89,58.13,1.479123781174846
10.89,58.14,1.479123781174846
10.89,58.19,1.4291126064468147
10.91,10.92,1.998208927271098
10.91,11.03,1.5061666522356374
10.91,11.05,1.629185849555477
10.91,11.07,1.4310611657313708
10.91,17.21,1.451076267780316
10.91,17.22,1.488304749720352
10.91,17.29,1.5759710225355852
10.91,20.2,1.4307508083269145
10.91,20.3,1.4935416852290146
10.91,20.41,1.5261782814005411
10.91,21.2,1.4621870705912805
10.91,22.22,1.473327074113404
10.91,23.52,1.4109434259094646
10.91,23.69,1.4366759130927924
10.91,25.91,1.5450545187510507
10.91,25.92,1.6574164814595778
10.91,38.11,1.4360459441127191
10.91,58.13,1.4245040548452097
10.91,58.14,1.4245040548452097
10.91,58.19,1.5380088762157862
10.92,11.03,1.5125806499545709
10.92,11.05,1.6390843895092977
10.92,11.07,1.4369591288918944
10.92,16.21,1.4022707995795791
10.92,17.21,1.4546082294169935
10.92,17.22,1.4909601849269831
10.92,17.29,1.5761674022849468
10.92,20.2,1.4292442988046232
10.92,20.3,1.5001598466524997
10.92,20.41,1.524260090652851
10.92,21.2,1.4671414741697322
10.92,22.22,1.4771147577378292
10.92,23.52,1.4128617358782989
10.92,23.69,1.4481317086518457
10.92,25.91,1.5535644310103174
10.92,25.92,1.663181437938854
10.92,38.11,1.4327789054662878
10.92,58.13,1.4295595915040469
10.92,58.14,1.4295595915040469
10.92,58.19,1.5444476290108897
11.02,11.04,1.6357518744153214
11.02,15.11,1.4033827294225791
11.03,11.05,1.5480819193506796
11.03,11.07,1.4241017945918757
11.03,16.22,1.4585114674915398
11.03,16.23,1.4128148712779522
11.03,20.3,1.4517400690431068
11.03,25.11,1.415706978655089
11.03,25.12,1.4094143444735152
11.03,25.92,1.4483911312428366
11.03,28.22,1.436623695877632
11.03,35.11,1.4536355965845662
11.03,38.11,1.406037965245735
11.03,58.13,1.4458586547914674
11.03,58.14,1.4458586547914674
11.03,58.19,1.4572402398151008
11.05,11.07,1.8366441436729253
11.05,12.0,1.5395844867848782
11.05,14.12,1.4069566343196591
11.05,16.1,1.4337365351393498
11.05,16.21,1.4943197108604684
11.05,16.22,1.463306571046614
11.05,16.23,1.4635476668735263
11.05,17.21,1.6346874287982525
11.05,17.22,1.6041253613001347
11.05,17.23,1.5210382645669631
11.05,17.29,1.4185342971307493
11.05,20.3,1.5647564774218754
11.05,21.2,1.5009507720317434
11.05,22.21,1.5274286272465545
11.05,22.22,1.5974681066103071
11.05,23.32,1.494682796192063
11.05,23.51,1.5003751376316732
11.05,23.52,1.5740694528916606
11.05,23.61,1.4708490567843582
11.05,23.69,1.5228949055327852
11.05,24.33,1.544718444057929
11.05,25.11,1.5477482861657514
11.05,25.12,1.5498306713922334
11.05,25.91,1.6332507602183317
11.05,25.92,1.6769854019404438
11.05,31.03,1.4347803578180611
11.05,35.11,1.6110435540628498
11.05,38.11,1.6444050952609277
11.05,58.11,1.4143534369143738
11.05,58.13,1.5243904924699214
11.05,58.14,1.5243904924699214
11.05,58.19,1.574305463763946
11.06,23.14,1.4163054163592033
11.06,28.3,1.5518923371310471
11.06,29.2,1.4288087880403009
11.07,12.0,1.503521394003307
11.07,14.12,1.4615058105760883
11.07,14.14,1.4061987907180922
11.07,14.31,1.4623124462100632
11.07,16.1,1.4310349072166784
11.07,16.21,1.4871675659794503
11.07,16.22,1.500465509941304
11.07,16.23,1.5503428598824285
11.07,17.21,1.6233561406579016
11.07,17.22,1.5681543114881629
11.07,17.23,1.492379175537225
11.07,20.3,1.4983297924309629
11.07,21.2,1.4477149514052663
11.07,22.21,1.5199678164162456
11.07,22.22,1.5975198766809329
11.07,22.23,1.4548633822955166
11.07,23.51,1.5524840015201289
11.07,23.52,1.5853307593133
11.07,23.61,1.552081009752185
11.07,23.69,1.503144992828969
11.07,24.33,1.5559476158205148
11.07,25.11,1.5878552787225364
11.07,25.12,1.570324691185404
11.07,25.91,1.6061680249859511
11.07,25.92,1.5763115137579442
11.07,27.31,1.4071715498170505
11.07,27.32,1.4355805195257942
11.07,31.03,1.4074193418138503
11.07,35.11,1.5524528547801868
11.07,38.11,1.5535775339108933
11.07,58.11,1.4920398502668395
11.07,58.13,1.4704156893683726
11.07,58.14,1.4704156893683726
11.07,58.19,1.4940256838205448
12.0,13.94,1.4490374318111998
12.0,14.12,1.5859811599238167
12.0,14.13,1.5507774101581413
12.0,14.14,1.5916572309620154
12.0,14.39,1.5220050212677414
12.0,17.21,1.5548730466170675
12.0,17.22,1.429217833612913
12.0,17.23,1.5198449313407427
12.0,22.21,1.4293144930966897
12.0,22.22,1.5076728286739762
12.0,23.51,1.5300432699119424
12.0,23.52,1.5514940268975086
12.0,24.41,1.4378798880971155
12.0,25.91,1.4276607387638531
12.0,38.11,1.527515566297407
13.2,13.91,1.4792293476708789
13.2,13.96,1.4700341400796189
13.2,14.11,1.4955642801899007
13.2,14.19,1.449961973620019
13.2,20.6,1.4755364342167954
13.2,23.41,1.4532842238551067
13.2,25.99,1.5647510616785951
13.2,32.12,1.4404099908541983
13.2,32.99,1.4743477289986349
13.91,14.31,1.4266672334446393
13.92,13.94,1.4700840994211195
13.92,14.11,1.6191170344120906
13.92,14.12,1.6534661024205022
13.92,14.13,1.7029141812187931
13.92,14.14,1.6553198925900812
13.92,14.19,1.7107160976735023
13.92,14.31,1.576111251284564
13.92,14.39,1.5632953353569516
13.92,15.2,1.5868591934082947
13.92,17.23,1.4003192964090838
13.92,23.41,1.4371798063499048
13.92,23.7,1.447367117830646
13.92,31.01,1.429513273848379
13.92,31.02,1.429513273848379
13.92,31.03,1.5794958491496671
13.92,31.09,1.4529753804254733
13.92,32.3,1.6776856490830299
13.92,96.02,1.4228150940435578
13.94,14.12,1.6000424055642632
13.94,14.13,1.5719235209201845
13.94,14.14,1.6456758274068108
13.94,14.19,1.4993787261031737
13.94,14.39,1.5828538868732849
13.94,17.21,1.453073295972142
13.94,17.23,1.4898254970344609
13.94,22.22,1.4080459181034044
13.94,23.51,1.490366083380459
13.94,23.52,1.4550089802592896
13.94,24.33,1.4117996467648142
13.94,25.11,1.4033386003367525
13.94,25.12,1.4114141023968296
13.94,27.31,1.4252168000551635
13.94,27.32,1.4196726075249575
13.94,31.03,1.4596943017228148
13.94,32.3,1.493205418340558
13.95,20.16,1.4252548692212663
13.95,21.2,1.4819733820177368
13.95,23.91,1.4611272328235902
13.95,24.32,1.4656415140467414
13.95,25.93,1.4076099299921696
13.95,27.52,1.4487532132708112
13.95,28.21,1.4714999202825714
13.95,28.25,1.407178854125646
13.95,28.29,1.4297481181665503
13.95,28.49,1.4301196698419791
13.95,28.92,1.4703558307132143
13.95,28.93,1.4484256883079405
13.95,29.1,1.4079622716644464
13.95,29.32,1.4194347578411561
13.96,13.99,1.4706006911456022
13.96,25.72,1.4017513670220427
13.96,25.73,1.459874430154419
13.96,25.93,1.5048506525536052
13.96,25.99,1.4684169696084568
13.96,27.12,1.4137242762208948
13.96,27.33,1.4094277055456177
13.96,29.31,1.4151335102741598
13.96,29.32,1.5077726857284253
13.96,30.92,1.5217489566570863
13.99,25.99,1.4506561742433264
13.99,30.92,1.4415381356973995
14.11,14.12,1.6052268020233615
14.11,14.13,1.634983837463625
14.11,14.14,1.6291858679849045
14.11,14.19,1.8491140990180537
14.11,14.39,1.5827113635466414
14.11,15.2,1.639023133631818
14.11,32.3,1.7468688110507105
14.11,32.99,1.6536512489215236
14.12,14.13,1.978095263953715
14.12,14.14,1.9609198245752224
14.12,14.19,1.8284790840149518
14.12,14.31,1.707794606766643
14.12,14.39,1.9130123667755743
14.12,15.2,1.64569111431106
14.12,17.21,1.623771106378732
14.12,17.23,1.57213973732305
14.12,22.21,1.409553605606264
14.12,22.22,1.5242471668550035
14.12,23.42,1.4155610343161191
14.12,23.51,1.5591350570764684
14.12,23.52,1.4228564562280863
14.12,23.7,1.458241950750602
14.12,24.33,1.4076948934747495
14.12,25.12,1.4003042722999255
14.12,25.91,1.41738728854077
14.12,27.31,1.5809025704011013
14.12,27.32,1.6026717475741252
14.12,31.01,1.4291105924255916
14.12,31.02,1.4291105924255916
14.12,31.03,1.4768866288625773
14.12,31.09,1.402882584783187
14.12,32.3,1.7489267053804183
14.12,32.91,1.4124960534214115
14.13,14.14,1.964083144298861
14.13,14.19,1.8487167628748893
14.13,14.31,1.720978225191057
14.13,14.39,1.9145008861672437
14.13,15.2,1.6890924882727263
14.13,17.21,1.5396473575312577
14.13,17.23,1.5318014850534505
14.13,22.22,1.453141678337888
14.13,23.42,1.4245312333208582
14.13,23.51,1.4927871470325482
14.13,23.7,1.4525550549698485
14.13,27.31,1.5523211342591552
14.13,27.32,1.569209543685835
14.13,31.01,1.4393860452229608
14.13,31.02,1.4393860452229608
14.13,31.03,1.4707364810496686
14.13,31.09,1.4154339694927016
14.13,32.3,1.781450215222193
14.13,32.91,1.416312190947343
14.14,14.19,1.8447025002915596
14.14,14.31,1.6697577947724316
14.14,14.39,1.9448507858158144
14.14,15.2,1.6402907776351885
14.14,17.21,1.5521291919039806
14.14,17.23,1.5191083365882718
14.14,22.22,1.46370148706505
14.14,23.51,1.5167269419470082
14.14,23.52,1.4194575710891937
14.14,23.7,1.4610219738086576
14.14,27.31,1.5437759543187912
14.14,27.32,1.5595853637315236
14.14,31.03,1.4226842211604611
14.14,32.3,1.740429901830271
14.19,14.31,1.5824599446523533
14.19,14.39,1.8105178097061747
14.19,15.2,1.7384859926427936
14.19,17.23,1.4047476958898049
14.19,23.7,1.477924963517642
14.19,32.3,1.8256852938069228
14.19,32.99,1.5148653492855475
14.31,14.39,1.611749500199941
14.31,15.2,1.5687560990638982
14.31,16.21,1.4231005123717189
14.31,16.22,1.4784949106961676
14.31,16.23,1.4431233485458783
14.31,17.21,1.465342044085846
14.31,23.42,1.4543759660361746
14.31,23.61,1.4351170218587619
14.31,23.69,1.4762786798154852
14.31,23.7,1.4770541880586494
14.31,24.33,1.510311815470772
14.31,25.11,1.527015975946501
14.31,25.12,1.5348659088711083
14.31,27.31,1.5165568159254548
14.31,27.32,1.551539106584258
14.31,30.99,1.4240145663556625
14.31,31.01,1.69352334735263
14.31,31.02,1.69352334735263
14.31,31.03,1.5972137062790848
14.31,31.09,1.6676676967527175
14.31,32.3,1.6393038126065649
14.39,15.2,1.6121799053582286
14.39,17.21,1.5485087021717971
14.39,17.23,1.458249111631735
14.39,22.22,1.4748264435744414
14.39,23.51,1.4871390504212618
14.39,23.7,1.4200350837587443
14.39,27.31,1.5529247966303912
14.39,27.32,1.5639970278233584
14.39,32.3,1.6935782320088248
15.11,31.09,1.41425137530365
15.12,26.52,1.4693989535394518
15.12,30.91,1.4374941246433148
15.12,32.12,1.4526707316950869
15.12,32.13,1.5650708075469568
15.12,32.5,1.4144101635936313
15.12,32.99,1.5206619568823228
15.12,96.02,1.4564888260290605
15.2,16.29,1.4346234798002189
15.2,23.7,1.4186422196333996
15.2,27.31,1.4077498575637748
15.2,27.32,1.4160854123842546
15.2,31.01,1.4629104407572628
15.2,31.02,1.4629104407572628
15.2,31.09,1.4639836726162323
15.2,32.3,1.92885665534186
15.2,32.99,1.4435717319454355
16.1,16.21,1.6532751840275042
16.1,16.22,1.6516656939232133
16.1,16.23,1.62631089248604
16.1,16.29,1.4517496443795292
16.1,17.21,1.4342214753768845
16.1,20.15,1.5324570513060385
16.1,22.22,1.4312771239724325
16.1,23.51,1.4364374446346486
16.1,23.52,1.5004951679637697
16.1,23.61,1.551763343763371
16.1,23.69,1.4608586086056892
16.1,24.33,1.4328750118120015
16.1,25.11,1.5115239628318755
16.1,25.12,1.4711395993573928
16.1,31.01,1.4130012340184872
16.1,31.02,1.4130012340184872
16.1,35.11,1.578683303910259
16.1,38.11,1.5788758691470082
16.21,16.22,1.7163221092109548
16.21,16.23,1.574774070947676
16.21,16.29,1.4065818236242051
16.21,17.22,1.4849753330514504
16.21,22.11,1.4669167312929656
16.21,22.22,1.5010002706105303
16.21,22.23,1.4550781172861342
16.21,23.42,1.4473514511725314
16.21,23.52,1.5473520462322483
16.21,23.61,1.5135678442154616
16.21,23.62,1.4316215669411931
16.21,23.65,1.4054046418113006
16.21,23.69,1.6177802726005177
16.21,24.33,1.6015784702351308
16.21,25.11,1.6254562704781028
16.21,25.12,1.6375591335279267
16.21,25.21,1.4422496220664394
16.21,25.91,1.4101788341030386
16.21,25.92,1.4540906958479518
16.21,29.2,1.4039203006770202
16.21,30.99,1.4275923776745745
16.21,31.01,1.548059741204105
16.21,31.02,1.548059741204105
16.21,31.03,1.4683942360728122
16.21,31.09,1.498096167853992
16.21,35.11,1.5065834161439309
16.22,16.23,1.810966714245377
16.22,17.21,1.526246186009686
16.22,17.22,1.5366967645688223
16.22,17.23,1.4167497622392091
16.22,22.11,1.4468581364518585
16.22,22.21,1.4342435829160625
16.22,22.22,1.5650612507330208
16.22,22.23,1.5544125904339352
16.22,23.42,1.5022200960681882
16.22,23.61,1.6941149250293048
16.22,23.65,1.5084494254344043
16.22,23.69,1.6858025952135804
16.22,24.33,1.7496907311827727
16.22,25.11,1.7940128630602459
16.22,25.12,1.7913775741345976
16.22,25.21,1.5406052940898285
16.22,25.29,1.4204225676510764
16.22,25.72,1.4534970516032528
16.22,25.91,1.5056193130446442
16.22,25.92,1.5284443842751738
16.22,25.93,1.4516424927684357
16.22,27.11,1.4550424831648228
16.22,27.31,1.4918455355578877
16.22,27.32,1.5134796814390237
16.22,27.51,1.438196420380684
16.22,27.9,1.5405613193279115
16.22,28.21,1.4526164689480292
16.22,29.2,1.5012307772515483
16.22,29.31,1.4480276896709785
16.22,30.99,1.6209929511470844
16.22,31.01,1.7262955708132752
16.22,31.02,1.7262955708132752
16.22,31.03,1.5255272464744738
16.22,31.09,1.6486844764563917
16.22,35.11,1.5394454998846672
16.22,58.13,1.4796193688641224
16.22,58.14,1.4796193688641224
16.22,58.19,1.4743626290925165
16.23,17.21,1.6292964601687994
16.23,17.22,1.517103145223947
16.23,17.23,1.4320281077888763
16.23,22.21,1.5331447796800677
16.23,22.22,1.5552327351083974
16.23,22.23,1.4921076974914391
16.23,23.42,1.5064946566374726
16.23,23.51,1.4109884137454087
16.23,23.61,1.9653303280085093
16.23,23.65,1.4886578025911377
16.23,23.69,1.6749984281598862
16.23,24.33,1.7436107801809375
16.23,25.11,1.8750419238702545
16.23,25.12,1.7892909352800157
16.23,25.21,1.4227950663700752
16.23,25.29,1.4774890449139009
16.23,25.91,1.5556973649685433
16.23,25.92,1.4912422002354802
16.23,27.31,1.5467682451830262
16.23,27.32,1.573873041488234
16.23,27.9,1.510105049289764
16.23,28.21,1.4223768052807506
16.23,29.2,1.47713796824776
16.23,29.31,1.4432971527909197
16.23,30.99,1.6206444790817072
16.23,31.01,1.6240277481167755
16.23,31.02,1.6240277481167755
16.23,31.03,1.4745058599784864
16.23,31.09,1.5449731083038103
16.23,35.11,1.5493985206614194
16.23,38.11,1.4672221017743103
16.23,58.11,1.4240402859916494
16.23,58.13,1.5070734013286562
16.23,58.14,1.5070734013286562
16.23,58.19,1.4859377181475328
16.29,31.01,1.4396820327345639
16.29,31.02,1.4396820327345639
16.29,31.09,1.410979911263004
16.29,32.3,1.4458998279190904
17.12,32.11,1.413325134017084
17.21,17.22,1.642137147612036
17.21,17.23,1.6136820688882658
17.21,20.3,1.4117274229845207
17.21,22.21,1.6673470727514328
17.21,22.22,1.7787384968817317
17.21,23.51,1.6165845341720408
17.21,23.52,1.4864256251519832
17.21,23.61,1.6589775125348702
17.21,23.69,1.6134016690125976
17.21,24.33,1.6280171068457117
17.21,25.11,1.6767854320745237
17.21,25.12,1.6510201067013242
17.21,25.29,1.537362569935082
17.21,25.91,1.7169280714455653
17.21,25.92,1.5786782420450218
17.21,27.31,1.5419901776916594
17.21,27.32,1.5804517140361676
17.21,30.99,1.460861341773597
17.21,31.03,1.4448081127140215
17.21,35.11,1.547357326831567
17.21,38.11,1.6031915362832536
17.21,58.19,1.5804245014195692
17.22,17.23,1.426489625221084
17.22,17.29,1.4087384632362985
17.22,20.3,1.4656122556991078
17.22,20.41,1.5004689868904602
17.22,22.21,1.5566342234009989
17.22,22.22,1.6496868657166843
17.22,22.23,1.4179175221547962
17.22,23.13,1.4245298256373888
17.22,23.32,1.4503367903853883
17.22,23.52,1.5708995745795455
17.22,23.61,1.5159573922428151
17.22,23.69,1.5824548817658337
17.22,24.33,1.637162868872199
17.22,25.11,1.639441692198492
17.22,25.12,1.6504760287617888
17.22,25.91,1.6408033164582692
17.22,25.92,1.6680393389943116
17.22,27.31,1.463159981655994
17.22,27.32,1.5210718894757698
17.22,29.31,1.4405293331950455
17.22,30.99,1.4411509675788516
17.22,35.11,1.4487157898568859
17.22,38.11,1.4051502559301383
17.22,58.13,1.4499594449075952
17.22,58.14,1.4499594449075952
17.22,58.19,1.6118199267870497
17.23,22.21,1.475491583958944
17.23,22.22,1.5205919869591955
17.23,23.42,1.4083700278545068
17.23,23.51,1.4069807176474587
17.23,23.52,1.4457306910979084
17.23,23.61,1.436926718460272
17.23,23.69,1.4157373907942057
17.23,24.33,1.490719618805719
17.23,25.11,1.5027790568182742
17.23,25.12,1.5009550151402196
17.23,25.29,1.4350202986688059
17.23,25.91,1.5237791148088835
17.23,25.92,1.4297182886470228
17.23,31.01,1.4165674910885273
17.23,31.02,1.4165674910885273
17.23,31.03,1.4103654687686538
17.23,32.91,1.4508549779717632
17.23,38.11,1.4142224849693148
17.23,58.19,1.4332484876808833
17.24,20.17,1.4249001441267988
17.24,28.3,1.4158444565129351
17.29,20.3,1.50794474067727
17.29,20.41,1.5527881763385682
17.29,21.2,1.46740473930102
17.29,23.32,1.4770584966383675
17.29,25.91,1.51402916850672
17.29,25.92,1.5674374803783018
17.29,28.3,1.411456090944022
17.29,32.11,1.433211198586496
17.29,58.13,1.502893101568715
17.29,58.14,1.502893101568715
17.29,58.19,1.524817516758454
18.13,20.17,1.4376383095697831
18.13,20.59,1.5730008184448154
18.13,23.91,1.4382552706615184
18.13,24.32,1.4440477177288311
18.13,25.73,1.436443565821611
18.13,26.51,1.4666482402441785
18.13,26.6,1.5234602215498192
18.13,28.11,1.465363675500167
18.13,28.14,1.5712434648011104
18.13,28.15,1.4517329159838441
18.13,28.25,1.4237836367601917
18.13,28.29,1.510108152734543
18.13,28.41,1.57503422993143
18.13,28.49,1.4355755716758811
18.13,28.93,1.401088626002272
18.13,28.94,1.4168441345748384
18.13,28.95,1.531981581606007
18.13,28.96,1.6379226093307115
19.1,24.1,1.4959790122603742
19.1,24.44,1.446024504889058
19.2,20.15,1.5101973797043522
19.2,23.51,1.47815121995482
19.2,38.12,1.96004971777764
20.11,20.13,1.4501944566295344
20.11,20.16,1.4005871284918645
20.12,20.14,1.4912419716773344
20.12,20.59,1.4040182766269416
20.13,20.14,1.407492185515169
20.13,20.17,1.402064292789247
20.13,20.59,1.4149177936550812
20.13,23.99,1.4627346481879182
20.13,24.45,1.6363722698919163
20.13,24.46,1.9109354670734382
20.13,25.3,1.4617190567865173
20.13,30.3,1.5370604557006051
20.13,38.32,1.4285154368410717
20.14,20.16,1.580810110836412
20.14,20.59,1.5225988045514809
20.14,21.1,1.4823988743593124
20.14,26.6,1.5282726996856333
20.15,38.12,1.4533416014840546
20.16,20.17,1.5093444422415
20.16,20.52,1.5208528431783908
20.16,20.59,1.5101523839426452
20.16,21.1,1.5413293706795397
20.16,21.2,1.400452614230738
20.16,24.1,1.4314414005761882
20.16,24.32,1.5440124167732834
20.16,26.6,1.4932573760165715
20.16,28.3,1.4175026846727352
20.16,28.92,1.4835512687663197
20.16,29.1,1.4588361787861588
20.17,20.59,1.5436603874696397
20.17,23.2,1.4539410290534087
20.17,24.32,1.4299730018179329
20.17,24.45,1.4278000187722748
20.17,26.6,1.4742510950393557
20.17,28.11,1.4740218995012089
20.2,20.42,1.4165521050404708
20.3,20.42,1.5353782578220592
20.3,21.2,1.7203403707120235
20.3,22.21,1.503350692897025
20.3,22.22,1.4485837651662514
20.3,23.32,1.4587855320665946
20.3,23.69,1.4079190702788564
20.3,25.91,1.5424352477118
20.3,25.92,1.5572144520601865
20.3,28.21,1.4146010414187729
20.3,28.22,1.5733567439835592
20.3,28.29,1.4226182051924217
20.3,28.93,1.4723144254140976
20.3,58.11,1.461780619102592
20.3,58.13,1.616047889921849
20.3,58.14,1.616047889921849
20.3,58.19,1.7418198274092775
20.41,20.42,1.4401542285099405
20.41,22.19,1.4279802198512177
20.41,23.32,1.4871483020021348
20.41,23.62,1.4429577937720934
20.41,23.69,1.4184487073014176
20.41,25.21,1.4003643260371572
20.41,25.29,1.4512712251038822
20.41,25.91,1.4967839870442048
20.41,25.92,1.6141129364760318
20.41,29.31,1.4612124657851342
20.41,29.32,1.4286852510372654
20.41,30.12,1.4283797399203744
20.41,58.13,1.5007365270772015
20.41,58.14,1.5007365270772015
20.41,58.19,1.4097195103930995
20.42,30.12,1.4660377124685675
20.42,32.11,1.419118850493429
20.42,58.13,1.4053995248432662
20.42,58.14,1.4053995248432662
20.42,58.19,1.433883306282676
20.52,20.53,1.4144638102071008
20.52,20.59,1.4599369700219806
20.52,21.1,1.4913916661890672
20.52,24.32,1.4746100768420791
20.52,26.6,1.5544293848461008
20.52,28.29,1.4556456650016782
20.52,28.3,1.5482611265189143
20.52,28.92,1.4942374474112057
20.53,20.59,1.5217574857260212
20.53,26.6,1.5465978725607057
20.53,90.03,1.4207631369106035
20.59,21.1,1.4637309886806409
20.59,23.2,1.4440615388666362
20.59,24.32,1.4863704921854148
20.59,24.45,1.6676494673074758
20.59,26.51,1.502661702365501
20.59,26.6,1.7129123282424852
20.59,28.11,1.5330641460312195
20.59,28.22,1.4444090128352458
20.59,28.29,1.4101424691250481
20.59,28.3,1.5109357905339909
20.59,28.92,1.4004889856403513
20.59,28.94,1.4048258952355563
20.59,28.96,1.4268714958680508
20.59,30.3,1.5364717039122495
20.59,74.2,1.4321627073577496
20.59,90.03,1.4595050433341628
20.6,30.92,1.4144709021566624
21.2,23.32,1.4598503932019142
21.2,23.69,1.4249548078260332
21.2,25.91,1.4036122276099041
21.2,25.92,1.540119271812534
21.2,28.21,1.4999746777329963
21.2,28.22,1.4288925401818409
21.2,28.3,1.4311145882400245
21.2,58.11,1.4279998122530837
21.2,58.13,1.573463177218836
21.2,58.14,1.573463177218836
21.2,58.19,1.5764188891684792
22.11,22.19,1.5062257856178582
22.11,22.23,1.4359340094652486
22.11,23.43,1.4154353701217577
22.11,24.33,1.4485649987031506
22.11,25.11,1.4653398288817865
22.11,25.12,1.474975591042058
22.11,25.93,1.4466334894739532
22.11,27.11,1.4053667217009478
22.11,29.32,1.4872430999505508
22.11,30.92,1.4317081692568192
22.11,31.01,1.4297336502964413
22.11,31.02,1.4297336502964413
22.11,31.09,1.402673012036031
22.19,23.12,1.5454746802479244
22.19,23.2,1.401928370460367
22.19,23.43,1.4970585658511777
22.19,23.91,1.5213098474869104
22.19,24.2,1.5419190136030734
22.19,24.32,1.444828287970111
22.19,25.21,1.5157568209033836
22.19,25.72,1.5833023270319329
22.19,25.93,1.7008918224671723
22.19,25.94,1.458175972059113
22.19,27.11,1.5759821124174411
22.19,27.12,1.6032311406263606
22.19,27.33,1.5523264074279308
22.19,27.4,1.4782220042966516
22.19,27.51,1.4333228465644976
22.19,27.52,1.4559834324599852
22.19,27.9,1.5002028803722665
22.19,28.11,1.4008998547480431
22.19,28.15,1.4731013338346592
22.19,28.21,1.4239567071864112
22.19,28.22,1.4106091090994126
22.19,28.25,1.5206864043922759
22.19,28.49,1.4001073091912395
22.19,28.92,1.4812381496839764
22.19,28.93,1.4833104788724791
22.19,29.1,1.5852448801449766
22.19,29.31,1.5818238118005
22.19,29.32,1.8359752874313384
22.19,30.2,1.5159638679305227
22.19,30.92,1.613562944255856
22.21,22.22,1.5757235289888871
22.21,23.51,1.4809592809165153
22.21,23.52,1.4782099769174082
22.21,23.61,1.5645856433380534
22.21,23.69,1.5289928728202218
22.21,24.33,1.5798503883406159
22.21,25.11,1.5945609078232676
22.21,25.12,1.5753963920173844
22.21,25.29,1.6124909453255156
22.21,25.91,1.6359680258144942
22.21,25.92,1.6105192331787819
22.21,27.31,1.4637981265935316
22.21,27.32,1.5084495606587724
22.21,35.11,1.5742868746005634
22.21,38.11,1.502390625214096
22.21,58.11,1.4342944777638582
22.21,58.19,1.5614465998793468
22.22,23.51,1.5255315363305797
22.22,23.52,1.5218090137476137
22.22,23.61,1.5810882077706292
22.22,23.69,1.6295954642633754
22.22,24.33,1.5310584592920706
22.22,25.11,1.5642858735452725
22.22,25.12,1.5494003250251436
22.22,25.29,1.4843309846933217
22.22,25.91,1.6031995806641806
22.22,25.92,1.528457428262299
22.22,27.31,1.4507376068821447
22.22,27.32,1.4746873915989238
22.22,31.03,1.4303714439823343
22.22,35.11,1.4899777727422252
22.22,38.11,1.5599637504648447
22.22,58.19,1.5476930618666174
22.23,23.61,1.4645953829070422
22.23,23.69,1.4611436060035148
22.23,24.33,1.6120339428816473
22.23,25.11,1.6065387733544652
22.23,25.12,1.6229529785756396
22.23,25.21,1.4732650013070707
22.23,25.72,1.4082196891605223
22.23,25.93,1.4564629225186891
22.23,25.99,1.6171839049731709
22.23,27.51,1.4573961199151158
22.23,29.31,1.422627879068627
22.23,30.99,1.4513943958201705
22.23,31.01,1.531062418418529
22.23,31.02,1.531062418418529
22.23,31.03,1.4431406230521264
22.23,31.09,1.4912912022333404
22.23,58.11,1.4343316542651283
22.23,58.13,1.4018532279281348
22.23,58.14,1.4018532279281348
22.29,23.12,1.4067313940052335
22.29,23.19,1.6093713249690356
22.29,27.4,1.7218698630909812
22.29,27.51,1.5025818711113303
22.29,27.52,1.4288751676190996
22.29,28.15,1.4878447900631555
22.29,28.25,1.5015150840067044
22.29,28.29,1.4096454690769122
23.11,23.49,1.4050502798858884
23.12,23.14,1.475337918438735
23.12,23.91,1.4145399861351498
23.12,25.21,1.4494383986228492
23.12,25.72,1.539110107112155
23.12,25.93,1.6432339487634957
23.12,27.11,1.4716218642203869
23.12,27.12,1.437441811630199
23.12,27.4,1.6293240103813305
23.12,27.51,1.583076980911268
23.12,27.52,1.455929361978055
23.12,27.9,1.4924017324546943
23.12,28.14,1.4211737492606318
23.12,28.15,1.4868270679274966
23.12,28.21,1.4222213114024371
23.12,28.24,1.4012881956125196
23.12,28.25,1.5436919304119194
23.12,28.3,1.4643380322350117
23.12,28.93,1.4126787313733238
23.12,29.1,1.4615662530504132
23.12,29.2,1.5299694823967172
23.12,29.31,1.5420922086417668
23.12,29.32,1.5758535296207463
23.12,30.2,1.5042835275769697
23.12,30.92,1.528039551078934
23.12,30.99,1.4321046430112407
23.12,31.01,1.402585713269127
23.12,31.02,1.402585713269127
23.12,31.09,1.464824601971066
23.13,23.19,1.5891347359784902
23.13,25.21,1.4258495542500107
23.13,25.72,1.4529361362421236
23.13,25.91,1.4172966471946788
23.13,25.92,1.4108585047011704
23.13,25.93,1.4571565167797857
23.13,27.32,1.4000210432609237
23.13,29.31,1.4559745386077454
23.13,31.09,1.4269012713612383
23.14,25.93,1.4080078445976794
23.14,26.51,1.4302875402072686
23.14,28.21,1.4109747100964751
23.14,28.25,1.4332549374035342
23.14,28.29,1.4215536244458558
23.14,28.3,1.4191111523693087
23.14,29.2,1.4551336047160899
23.14,30.12,1.4436170285807168
23.14,30.99,1.4800299113290647
23.14,58.13,1.4426140213431222
23.14,58.14,1.4426140213431222
23.19,27.4,1.5514374304476342
23.19,27.51,1.4884399048305106
23.19,27.52,1.4251846700438366
23.19,27.9,1.4164879840644182
23.19,28.25,1.4796125194105492
23.19,29.2,1.5381053273027248
23.19,30.99,1.5269640326811216
23.19,31.01,1.4159457852926831
23.19,31.02,1.4159457852926831
23.19,31.03,1.4253219602730496
23.19,31.09,1.4225702510852631
23.2,23.91,1.4869708823619312
23.2,23.99,1.7607293053722204
23.2,24.32,1.4585485550002235
23.2,24.45,1.404837889061844
23.2,24.51,1.4854572583162209
23.2,24.52,1.4130443020449646
23.2,25.94,1.4817701722797552
23.2,27.4,1.4261623603787332
23.2,28.11,1.6273420120613538
23.2,28.14,1.4497331848282615
23.2,28.15,1.4932393554650047
23.2,28.29,1.4052239532971145
23.2,28.96,1.4376864984383466
23.2,29.1,1.4097899138858323
23.2,29.32,1.4345454122152828
23.2,30.2,1.4699614607996978
23.2,30.3,1.4811522294142645
23.31,23.42,1.4651905965690757
23.31,23.7,1.4173567374348108
23.32,23.61,1.4052969363097607
23.32,23.65,1.4128396078857597
23.32,23.69,1.4720540139724752
23.32,24.33,1.4894294457146848
23.32,25.11,1.4969222647567113
23.32,25.12,1.5064841932517403
23.32,25.21,1.5425147685088376
23.32,25.91,1.5052665633301774
23.32,25.92,1.5550899082346532
23.32,25.93,1.4608998607061419
23.32,58.11,1.4756081568705113
23.32,58.13,1.6223085937718964
23.32,58.14,1.6223085937718964
23.32,58.19,1.4705590058830091
23.41,32.4,1.417055778506623
23.42,23.61,1.4724758643852442
23.42,23.69,1.4502228407915903
23.42,24.33,1.5444803644016545
23.42,25.11,1.5667998752976984
23.42,25.12,1.5619893871722597
23.42,25.91,1.4028988083868503
23.42,25.93,1.4026219784138068
23.42,27.11,1.4598683982214842
23.42,27.12,1.408361198043291
23.42,27.31,1.6792810739873019
23.42,27.32,1.6895881376782738
23.42,27.33,1.405694243324092
23.42,27.9,1.6652114782397776
23.42,29.31,1.576525517839548
23.42,31.01,1.5608301785504095
23.42,31.02,1.5608301785504095
23.42,31.09,1.569971707060532
23.42,32.3,1.4098454272507583
23.43,23.49,1.4494830450795566
23.43,23.91,1.6398184639799531
23.43,24.2,1.4186582456055572
23.43,24.32,1.421226875088565
23.43,25.21,1.4313835007170168
23.43,25.72,1.5554158074010913
23.43,25.73,1.6009527610032508
23.43,25.93,1.5147608145714324
23.43,25.94,1.4645951392835208
23.43,27.11,1.5618656529078252
23.43,27.12,1.5268644410249936
23.43,27.33,1.5100575730950354
23.43,27.4,1.6006177737126046
23.43,27.51,1.5794786857478456
23.43,27.52,1.609930832770314
23.43,27.9,1.4402597399127246
23.43,28.13,1.4221747315535502
23.43,28.14,1.4613502796955695
23.43,28.15,1.4758210308957826
23.43,28.24,1.4677652965655212
23.43,28.25,1.6124912021393083
23.43,28.41,1.4839304270042584
23.43,28.49,1.433716006076185
23.43,28.91,1.5083790728830362
23.43,28.93,1.4019618526839142
23.43,28.96,1.4410509850538862
23.43,29.1,1.4418940447927324
23.43,29.32,1.6317118347765476
23.43,30.2,1.416737360943063
23.43,30.92,1.6588692362625383
23.43,71.11,1.4376836506054351
23.44,23.49,1.5176933980944711
23.44,26.11,1.4537833324286442
23.44,26.12,1.4648929090313962
23.44,26.2,1.4810042395826482
23.44,26.8,1.4453043981974745
23.44,28.23,1.4312384122147783
23.44,28.99,1.4429111062616735
23.44,30.92,1.4236135320853551
23.44,32.2,1.5226916829914816
23.44,58.29,1.4453043981974745
23.44,59.11,1.4453265084270912
23.44,59.2,1.445388702437239
23.49,26.12,1.477569066367662
23.49,26.2,1.4050125047703392
23.49,26.8,1.4402138670079725
23.49,28.24,1.433767380426754
23.49,30.92,1.5038757605060058
23.49,58.29,1.4402138670079725
23.49,59.11,1.440320674571315
23.49,59.2,1.4403508210101603
23.51,23.52,1.469516813179201
23.51,23.61,1.4671375968175069
23.51,24.33,1.4194907279427715
23.51,25.11,1.444818756315451
23.51,25.12,1.4150991431971165
23.51,25.91,1.458184917170409
23.51,35.11,1.4637482047792414
23.51,38.11,1.5463545480016083
23.51,38.12,1.5143257202916938
23.52,23.62,1.4005558191863603
23.52,23.69,1.4626000886624897
23.52,24.33,1.4743520656764744
23.52,25.11,1.4637663207716285
23.52,25.12,1.4629906588847046
23.52,25.91,1.5775911811846512
23.52,25.92,1.5228289562345332
23.52,27.32,1.4154337358392268
23.52,35.11,1.4972910581324699
23.52,38.11,1.5517799124274063
23.61,23.65,1.4924114493253886
23.61,23.69,1.7500623605779668
23.61,24.33,1.7296342964399418
23.61,25.11,1.8617664560069591
23.61,25.12,1.7696389070540302
23.61,25.29,1.4687073153989765
23.61,25.91,1.6018748276311037
23.61,25.92,1.49708281988323
23.61,27.31,1.5434301742165435
23.61,27.32,1.5746059241114638
23.61,27.9,1.4978880869900981
23.61,29.2,1.4582383645479378
23.61,29.31,1.4448361438224568
23.61,30.99,1.6064457680675757
23.61,31.01,1.5635406790638875
23.61,31.02,1.5635406790638875
23.61,31.03,1.4486886069973774
23.61,31.09,1.486237336442389
23.61,35.11,1.5500566297391385
23.61,38.11,1.4671084236041914
23.61,58.11,1.4238671890348424
23.61,58.13,1.5114865683045768
23.61,58.14,1.5114865683045768
23.61,58.19,1.4811969272533283
23.62,23.65,1.4009177734908356
23.62,23.69,1.6935366097081843
23.62,24.33,1.4728457612785464
23.62,25.11,1.4616721376241657
23.62,25.12,1.4675290998071622
23.62,25.92,1.4299094148448757
23.65,23.69,1.5743062627063846
23.65,24.33,1.5527059227200537
23.65,25.11,1.5531763082851817
23.65,25.12,1.5532961719917064
23.65,25.21,1.4173664368489989
23.65,25.91,1.4553139241374824
23.65,25.92,1.42425683302601
23.65,28.21,1.4034859576464007
23.65,29.2,1.4009534390620422
23.65,30.99,1.4746101141520302
23.65,31.01,1.4637943586139357
23.65,31.02,1.4637943586139357
23.65,31.03,1.4105732598381149
23.65,31.09,1.4078106442253076
23.69,24.33,1.7534439323463076
23.69,25.11,1.7721259907509466
23.69,25.12,1.771544656078656
23.69,25.21,1.4427698277865535
23.69,25.29,1.4078272327529642
23.69,25.91,1.6563785351308216
23.69,25.92,1.6093908399819499
23.69,25.93,1.4127000306106214
23.69,27.31,1.4889071567540266
23.69,27.32,1.5286553067766335
23.69,27.9,1.521988245412905
23.69,29.2,1.4403945837654184
23.69,29.31,1.491155599383526
23.69,30.99,1.582563032844035
23.69,31.01,1.5626016978445592
23.69,31.02,1.5626016978445592
23.69,31.03,1.448540495463409
23.69,31.09,1.4959477958428442
23.69,35.11,1.5602710273752467
23.69,58.13,1.5185984196389155
23.69,58.14,1.5185984196389155
23.69,58.19,1.441112412305963
23.7,32.3,1.4474403341092832
23.91,24.2,1.4534381125166609
23.91,24.32,1.6032137842734442
23.91,24.52,1.5259046687296267
23.91,25.72,1.4787662902921626
23.91,25.73,1.7453428335607524
23.91,25.93,1.5707381987345914
23.91,25.94,1.630839912540328
23.91,27.11,1.5263133866756766
23.91,27.12,1.5558586616579944
23.91,27.33,1.4913255695273506
23.91,27.4,1.5564349398892847
23.91,27.51,1.5075331366131293
23.91,27.52,1.7628347265517714
23.91,28.11,1.6025007669940567
23.91,28.12,1.5233427780828892
23.91,28.14,1.7184404088020404
23.91,28.15,1.6489253428538848
23.91,28.21,1.419715733978201
23.91,28.22,1.5367052404058408
23.91,28.24,1.4060090971656587
23.91,28.25,1.7328224060743294
23.91,28.29,1.6971374718209982
23.91,28.41,1.6512776877681832
23.91,28.49,1.6041347326337638
23.91,28.91,1.5036854446557426
23.91,28.92,1.5529259515028568
23.91,28.93,1.7205881180335272
23.91,28.94,1.6222327940378587
23.91,28.95,1.509637886756259
23.91,28.96,1.5275952162339883
23.91,29.1,1.5913207957821291
23.91,29.32,1.7304483717975467
23.91,30.2,1.5113603607931398
23.91,30.92,1.5718269323284175
23.91,71.11,1.504109860306722
23.99,24.45,1.4185414354721195
23.99,28.11,1.479222239426775
23.99,30.3,1.497681007339736
23.99,32.11,1.4600705480105651
24.1,24.32,1.6168791759123329
24.1,24.42,1.4096125313796135
24.2,24.32,1.4171286188487604
24.2,24.34,1.4234779347523117
24.2,24.51,1.4771447395878536
24.2,24.52,1.4857476675337469
24.2,25.72,1.4159246689714102
24.2,25.93,1.5403950320438855
24.2,25.94,1.5882196744097148
24.2,27.11,1.437629663068083
24.2,28.15,1.4409804712715006
24.2,28.25,1.4141063941324423
24.2,28.41,1.46411870285225
24.2,28.49,1.4858492770661922
24.2,28.91,1.5724558222799
24.2,29.1,1.4291205210072662
24.2,29.32,1.5601809175639565
24.2,30.2,1.4657234661749747
24.2,30.92,1.4867743032280007
24.31,24.42,1.487470732408176
24.31,25.91,1.4214094884449864
24.31,25.92,1.4117673682791152
24.32,25.3,1.5029703288968523
24.32,25.73,1.4906513683701328
24.32,25.93,1.4233420755115611
24.32,25.94,1.5104921048903852
24.32,27.4,1.5133886508565122
24.32,27.52,1.5477060533327294
24.32,28.15,1.4992076204432645
24.32,28.21,1.437056219085988
24.32,28.22,1.5216726948512052
24.32,28.24,1.4149545791553155
24.32,28.25,1.4881326851884145
24.32,28.29,1.5032807433522757
24.32,28.3,1.402538230536614
24.32,28.41,1.5815695679674326
24.32,28.49,1.5348504331802135
24.32,28.91,1.5609482784424669
24.32,28.92,1.4523757660003007
24.32,28.93,1.5098061544321586
24.32,28.94,1.4277618925357392
24.32,28.95,1.5641579093701607
24.32,28.96,1.5916982136367053
24.32,29.1,1.472176814748796
24.32,29.32,1.5394637214874822
24.32,30.2,1.5043870071079335
24.32,30.92,1.4534871852313511
24.33,24.34,1.4342638970740236
24.33,25.11,1.9626961660286968
24.33,25.12,1.984216508135424
24.33,25.21,1.4745203557122937
24.33,25.29,1.4862136782056818
24.33,25.91,1.6808153227896716
24.33,25.92,1.630155407451522
24.33,25.93,1.4798650168336105
24.33,25.99,1.4319008628533627
24.33,27.11,1.4273427368154383
24.33,27.31,1.6000574271480184
24.33,27.32,1.6270417020180903
24.33,27.9,1.6026681503320566
24.33,28.21,1.4847846726039111
24.33,29.2,1.4421626123349498
24.33,29.31,1.5776336121860794
24.33,30.99,1.5709377897805732
24.33,31.01,1.6593072180843955
24.33,31.02,1.6593072180843955
24.33,31.03,1.4451496513108808
24.33,31.09,1.5819549986050656
24.33,35.11,1.5803583734902145
24.33,58.13,1.5687573636499872
24.33,58.14,1.5687573636499872
24.33,58.19,1.4734844148533044
24.34,25.12,1.406017513928175
24.34,29.32,1.4554592279761291
24.34,30.92,1.4495112906930845
24.42,25.11,1.404512635855649
24.42,25.12,1.4036577629267442
24.42,25.21,1.4452909169834638
24.42,28.21,1.4275570840007772
24.43,24.44,1.44011202077436
24.45,24.46,1.6245485712309748
24.45,26.11,1.4559303878098682
24.45,26.51,1.4438863869656209
24.45,26.6,1.5213562443573303
24.45,28.11,1.4824025622265928
24.45,28.96,1.4091359824467926
24.45,30.3,1.6634494974242648
24.45,32.2,1.4247124188570015
24.45,32.5,1.4433005593312036
24.45,38.32,1.5368421400535477
24.45,74.2,1.5277938951690129
24.45,90.03,1.5987126704906682
24.46,30.3,1.4866052419053923
24.46,38.32,1.4648095042899292
24.51,24.52,1.8600560373632289
24.51,25.73,1.4502924988215484
24.51,25.94,1.5974777544711465
24.51,28.12,1.4488723661489016
24.51,28.14,1.4190726861887009
24.51,28.15,1.4139559661713124
24.51,28.91,1.4615095826357574
24.51,30.2,1.4236404397270264
24.52,25.73,1.4658920324933509
24.52,25.94,1.569396570257704
24.52,28.11,1.4535038973558592
24.52,28.12,1.5349065153671204
24.52,28.14,1.5322792925085285
24.52,28.15,1.5218162207446009
24.52,28.29,1.4723357842442928
24.52,28.41,1.4274597727455016
24.52,28.49,1.4154916074964894
24.52,28.91,1.4195327058274239
24.52,29.32,1.4052910470863298
24.52,30.92,1.4479685891335603
25.11,25.12,1.9852863223005537
25.11,25.21,1.5152904835855914
25.11,25.29,1.513872068890256
25.11,25.72,1.417003111983492
25.11,25.91,1.6896673202387251
25.11,25.92,1.6377615574287154
25.11,25.93,1.4888471492826991
25.11,25.99,1.432188996667788
25.11,27.11,1.4602312677850506
25.11,27.31,1.6068725714312062
25.11,27.32,1.6384848997753132
25.11,27.9,1.6077132072309217
25.11,28.21,1.4974140920880257
25.11,29.2,1.4938267743998808
25.11,29.31,1.5775099446439609
25.11,30.99,1.6301430350703463
25.11,31.01,1.6928421982806399
25.11,31.02,1.6928421982806399
25.11,31.03,1.4844180285776258
25.11,31.09,1.610539870487789
25.11,35.11,1.607097317150815
25.11,38.11,1.4219433550654943
25.11,58.11,1.4444930061568697
25.11,58.13,1.5968944818434023
25.11,58.14,1.5968944818434023
25.11,58.19,1.5232071539854024
25.12,25.21,1.5375205567303754
25.12,25.29,1.4974520766341706
25.12,25.72,1.4302098799918737
25.12,25.91,1.691735500924358
25.12,25.92,1.6571603470353122
25.12,25.93,1.515950482889468
25.12,25.99,1.4591541289740342
25.12,27.11,1.4688509070003417
25.12,27.31,1.5933617150844772
25.12,27.32,1.6242209848841649
25.12,27.9,1.6154722513055295
25.12,28.21,1.5033802775308849
25.12,29.2,1.4851365166161723
25.12,29.31,1.5912452315169148
25.12,30.99,1.6118403874270744
25.12,31.01,1.7013683055217426
25.12,31.02,1.7013683055217426
25.12,31.03,1.4783203536324871
25.12,31.09,1.62119494831372
25.12,35.11,1.5995254919608088
25.12,58.11,1.4199089641607907
25.12,58.13,1.5947699281444239
25.12,58.14,1.5947699281444239
25.12,58.19,1.5132878298519383
25.21,25.72,1.66668725679672
25.21,25.92,1.5245860268742106
25.21,25.93,1.6890556749845385
25.21,25.99,1.4730400947811968
25.21,27.11,1.4977172158572003
25.21,27.12,1.419444842168026
25.21,27.4,1.4225391443572448
25.21,27.51,1.5236021271185671
25.21,27.52,1.6038086750730969
25.21,27.9,1.442294133383107
25.21,28.15,1.5082442778855645
25.21,28.21,1.6463913238681205
25.21,28.25,1.5147138886619125
25.21,28.29,1.4303393254728818
25.21,28.3,1.4244760389816469
25.21,28.49,1.4294434921962809
25.21,28.93,1.501682664131846
25.21,29.2,1.5779724188105737
25.21,29.31,1.4673945662942067
25.21,29.32,1.5544689391965325
25.21,30.2,1.668082251979779
25.21,30.99,1.568980418795202
25.21,31.01,1.6553240168479877
25.21,31.02,1.6553240168479877
25.21,31.09,1.6473361540651328
25.21,35.11,1.4321418717427363
25.21,58.13,1.6235232530185817
25.21,58.14,1.6235232530185817
25.21,71.11,1.4182737780726848
25.29,25.91,1.5986428597103068
25.29,25.92,1.524754586339666
25.29,27.31,1.43537596007845
25.29,27.32,1.437142629614962
25.29,58.11,1.4018251243247974
25.29,58.19,1.4893146484242152
25.72,25.73,1.5651522317102065
25.72,25.93,1.7697107346101335
25.72,25.99,1.5753470374071383
25.72,27.11,1.6256288716674077
25.72,27.12,1.476080829463141
25.72,27.33,1.4858915737091802
25.72,27.4,1.597171979286259
25.72,27.51,1.5915110721851942
25.72,27.52,1.471475325245066
25.72,27.9,1.5703690229120046
25.72,28.12,1.427395101585747
25.72,28.14,1.4623395812345792
25.72,28.15,1.4979099206527415
25.72,28.21,1.5185299563702903
25.72,28.25,1.5627377643925064
25.72,28.49,1.4246540767713674
25.72,28.91,1.5185574914494755
25.72,28.93,1.446948538103923
25.72,29.1,1.4024865819595866
25.72,29.2,1.4752123676149291
25.72,29.31,1.5962852350929482
25.72,29.32,1.7134500836308908
25.72,30.2,1.5301132615206494
25.72,30.92,1.649250365572294
25.72,30.99,1.4236796943183652
25.72,31.01,1.640977593343167
25.72,31.02,1.640977593343167
25.72,31.09,1.6651317345142993
25.73,25.93,1.509120631392977
25.73,25.94,1.6398853231073238
25.73,27.11,1.4599049499324983
25.73,27.51,1.4753370273711666
25.73,27.52,1.5802700772948803
25.73,28.11,1.427338164294917
25.73,28.12,1.6031930910308778
25.73,28.13,1.4436081698535326
25.73,28.14,1.6638824520164983
25.73,28.15,1.516727600946961
25.73,28.21,1.5154713828620856
25.73,28.24,1.5323146576070248
25.73,28.25,1.5139603534920054
25.73,28.29,1.5355988767399018
25.73,28.41,1.8041454920259703
25.73,28.49,1.7855556230219798
25.73,28.91,1.7518730475960238
25.73,28.93,1.4662323922346892
25.73,28.94,1.4595247187500122
25.73,28.95,1.5233729534783231
25.73,28.96,1.6350269366682062
25.73,29.32,1.571246956880887
25.73,30.2,1.5756648566388622
25.73,30.92,1.4949156042564828
25.73,71.11,1.538035573963639
25.91,25.92,1.7635212170138117
25.91,27.31,1.45790295914882
25.91,27.32,1.4879250167121982
25.91,27.9,1.4247848667445675
25.91,29.31,1.4355807962342744
25.91,30.99,1.422283145520893
25.91,35.11,1.5416642550859243
25.91,38.11,1.5356492117904574
25.91,58.13,1.4607003022996397
25.91,58.14,1.4607003022996397
25.91,58.19,1.5933997510267717
25.92,25.93,1.4053660048962744
25.92,27.31,1.4974180585194892
25.92,27.32,1.5418244671465902
25.92,27.9,1.511536899168335
25.92,28.21,1.4340070960259328
25.92,29.31,1.533045085921683
25.92,30.99,1.4991216150118944
25.92,31.01,1.4118845816765517
25.92,31.02,1.4118845816765517
25.92,35.11,1.5924287336600855
25.92,38.11,1.4691992750189375
25.92,58.11,1.4439601855319706
25.92,58.13,1.6338754968265978
25.92,58.14,1.6338754968265978
25.92,58.19,1.68517647287013
25.93,25.94,1.41607079090083
25.93,25.99,1.543198933886312
25.93,27.11,1.7438551790078465
25.93,27.12,1.6932782202487695
25.93,27.33,1.6420120397312632
25.93,27.4,1.6059767557166922
25.93,27.51,1.6055045933207381
25.93,27.52,1.6432596447344645
25.93,27.9,1.6568649100298236
25.93,28.14,1.536285386732771
25.93,28.15,1.559844504418765
25.93,28.21,1.6487592052916562
25.93,28.25,1.6759288349500294
25.93,28.29,1.5172251823097866
25.93,28.41,1.4164903944124068
25.93,28.49,1.5187829594539564
25.93,28.91,1.4379798286993686
25.93,28.93,1.6198631364462548
25.93,29.1,1.4511280691063229
25.93,29.2,1.4423387494630358
25.93,29.31,1.673730567243065
25.93,29.32,1.7816293126111638
25.93,30.2,1.5476460190240482
25.93,30.92,1.666988498320528
25.93,30.99,1.4838283291778285
25.93,31.01,1.64824717639338
25.93,31.02,1.64824717639338
25.93,31.09,1.6648507518908906
25.93,58.13,1.4565884614992468
25.93,58.14,1.4565884614992468
25.94,27.11,1.4276118381732499
25.94,27.4,1.4616567087055043
25.94,27.51,1.4101682838425988
25.94,27.52,1.5018193408628546
25.94,28.11,1.4443047483988782
25.94,28.12,1.600892598062397
25.94,28.13,1.4700965118446467
25.94,28.14,1.5982721655815595
25.94,28.15,1.5641366124902745
25.94,28.24,1.449442743061454
25.94,28.25,1.5007197353852375
25.94,28.29,1.556072555268146
25.94,28.41,1.5541468378509755
25.94,28.49,1.5352078393768442
25.94,28.91,1.6320836111207526
25.94,28.93,1.5042900689045726
25.94,28.94,1.5235415148542624
25.94,28.95,1.4631556907862826
25.94,28.96,1.5165882559380934
25.94,29.32,1.530241741339727
25.94,30.2,1.50018382164495
25.94,30.92,1.5650452476228962
25.94,32.2,1.440310600612155
25.99,28.91,1.4503271709792274
25.99,30.92,1.4416447910262256
25.99,31.01,1.5439342557421003
25.99,31.02,1.5439342557421003
25.99,31.09,1.5179145213946137
25.99,58.11,1.4004199190183717
26.11,26.12,1.4843302112262675
26.11,26.2,1.5974441341783117
26.11,26.3,1.4132613333896047
26.11,26.4,1.4703454498060815
26.11,26.7,1.4865153382715803
26.11,26.8,1.4936771016301482
26.11,28.12,1.5291562251118578
26.11,28.14,1.4624291348114082
26.11,28.23,1.5934845941260378
26.11,28.94,1.463845589685395
26.11,28.99,1.6303590912400583
26.11,32.2,1.6299816680509132
26.11,32.5,1.6737725290659562
26.11,58.29,1.4936771016301482
26.11,59.11,1.4936469465254152
26.11,59.2,1.4941060708195557
26.11,74.2,1.4053746386079928
26.12,26.2,1.8950013048150656
26.12,26.3,1.7002653274298214
26.12,26.4,1.7446930939000649
26.12,26.7,1.631106295392354
26.12,26.8,1.9919418955686776
26.12,28.23,1.5970932527463488
26.12,28.99,1.5323518146066442
26.12,30.91,1.4803144666063268
26.12,58.29,1.9919418955686776
26.12,59.11,1.9919441029407396
26.12,59.2,1.9919015904600859
26.2,26.3,1.6125111600017727
26.2,26.4,1.6642777210715105
26.2,26.7,1.5827489448296117
26.2,26.8,1.9094316697924076
26.2,28.23,1.88699750990124
26.2,28.99,1.8366638369406627
26.2,30.91,1.4210331227325272
26.2,32.2,1.4363890352678998
26.2,58.29,1.9094316697924076
26.2,59.11,1.9094139767937657
26.2,59.2,1.9094939029890472
26.2,74.2,1.4426470449510689
26.3,26.4,1.9871201695043548
26.3,26.7,1.9483629429827496
26.3,26.8,1.6981735633761108
26.3,28.13,1.4600755019038594
26.3,30.91,1.4086190691828646
26.3,32.2,1.4048448818021884
26.3,32.5,1.415516758129116
26.3,58.29,1.6981735633761108
26.3,59.11,1.6981790678215456
26.3,59.2,1.6982885198062143
26.4,26.7,1.938621506217188
26.4,26.8,1.742110182609811
26.4,28.13,1.4813096770395462
26.4,28.23,1.4376352789447648
26.4,28.99,1.4359871806403035
26.4,30.91,1.4522576086044798
26.4,32.2,1.463364948759894
26.4,32.5,1.4507065559531098
26.4,58.29,1.742110182609811
26.4,59.11,1.7421053884185227
26.4,59.2,1.7422373260155524
26.51,26.6,1.5627999135361517
26.51,26.7,1.4349026372468998
26.51,28.11,1.5587014326487112
26.51,28.14,1.5817186515436539
26.51,28.15,1.4216203888593233
26.51,28.22,1.4301494999248583
26.51,28.29,1.546250914431924
26.51,28.3,1.4032822652484749
26.51,28.93,1.4354063639804986
26.51,28.94,1.4716937723278407
26.51,32.5,1.4267502673453043
26.52,32.12,1.5422101557966323
26.52,32.13,1.4395848538149243
26.52,32.5,1.5501478880932043
26.52,90.03,1.6032556902457156
26.6,28.11,1.4973156032116524
26.6,28.14,1.440273042503914
26.6,28.29,1.4613878545782495
26.6,28.3,1.4853948129675043
26.6,30.3,1.4125013517236853
26.6,32.5,1.4895612784973469
26.6,37.0,1.5893685448170602
26.6,90.03,1.4627499655873637
26.7,26.8,1.6378570725165074
26.7,28.13,1.4419621524816963
26.7,28.23,1.4025684895793695
26.7,28.99,1.4428021389415129
26.7,32.2,1.4959648398385508
26.7,32.5,1.5316912098427116
26.7,58.29,1.6378570725165074
26.7,59.11,1.6378614050675346
26.7,59.2,1.6381655331629634
26.8,28.23,1.6152413514218276
26.8,28.99,1.5513472306471228
26.8,30.91,1.4539220788999334
26.8,58.29,2.0000000000000004
26.8,59.11,1.999999909063648
26.8,59.2,1.9999987890353883
27.11,27.12,1.7547372882935497
27.11,27.31,1.4004006754851592
27.11,27.33,1.7315315880057254
27.11,27.4,1.5417736363757348
27.11,27.51,1.5809038734825598
27.11,27.52,1.6011640785240675
27.11,27.9,1.7624860394073791
27.11,28.12,1.4358702816916034
27.11,28.14,1.5670868841762329
27.11,28.15,1.4957075812076717
27.11,28.21,1.4990636054150714
27.11,28.22,1.4421484269886014
27.11,28.24,1.4706153955225163
27.11,28.25,1.7404716332596943
27.11,28.29,1.535059382221783
27.11,28.49,1.4430589747264668
27.11,28.93,1.6208142272683208
27.11,28.94,1.4528445294775398
27.11,29.2,1.4228705991523805
27.11,29.31,1.606137427010442
27.11,29.32,1.5948514263330265
27.11,30.92,1.510038196291796
27.11,30.99,1.5048353363524083
27.11,31.01,1.5541510464321335
27.11,31.02,1.5541510464321335
27.11,31.09,1.5535482848735391
27.11,71.11,1.4718864320424918
27.12,27.33,1.9610230520284773
27.12,27.4,1.4541246568315285
27.12,27.51,1.4693701168758944
27.12,27.52,1.5925810121505195
27.12,27.9,1.669428307995511
27.12,28.14,1.5699520178101434
27.12,28.15,1.4292895974766178
27.12,28.24,1.4258598409115733
27.12,28.25,1.6906760381348154
27.12,28.29,1.4744557727313574
27.12,28.93,1.5954195437847551
27.12,28.94,1.5134163686439814
27.12,29.31,1.6084724440938771
27.12,29.32,1.6124745400005742
27.12,30.92,1.5013025068197303
27.12,31.01,1.420295199934519
27.12,31.02,1.420295199934519
27.12,31.09,1.455927270105818
27.2,27.9,1.4400704260168629
27.2,29.31,1.4513028998642756
27.2,30.92,1.5528962062743985
27.31,27.32,1.9877252554433429
27.31,27.9,1.8281386454900992
27.31,29.31,1.7985275586889573
27.31,31.01,1.5487498390097765
27.31,31.02,1.5487498390097765
27.31,31.09,1.5534389368747668
27.31,32.3,1.474523737866205
27.31,35.11,1.4003137189979498
27.32,27.9,1.8116093792987848
27.32,29.31,1.7799668295611606
27.32,30.99,1.4263235439096618
27.32,31.01,1.57270300263322
27.32,31.02,1.57270300263322
27.32,31.09,1.5718802583286635
27.32,32.3,1.489359193602358
27.32,35.11,1.459471645655103
27.33,27.4,1.4515709872991376
27.33,27.51,1.4580939612447608
27.33,27.52,1.5235900176144137
27.33,27.9,1.6281221842471878
27.33,28.14,1.5097960277674072
27.33,28.24,1.4154020058167989
27.33,28.25,1.6614147053455341
27.33,28.93,1.5341570632827413
27.33,28.94,1.4886239966521169
27.33,29.31,1.574229528996132
27.33,29.32,1.5423205704487568
27.33,30.92,1.4846255677729452
27.33,31.01,1.4397701884446792
27.33,31.02,1.4397701884446792
27.33,31.09,1.4711527313914623
27.4,27.51,1.6796899081632364
27.4,27.52,1.5790786753267858
27.4,28.13,1.430283618104454
27.4,28.14,1.5124044581325145
27.4,28.15,1.5824930593394848
27.4,28.24,1.4572915217636493
27.4,28.25,1.6761859723960093
27.4,28.29,1.4483881866180344
27.4,28.93,1.464332738194431
27.4,29.1,1.4429050724623125
27.4,29.2,1.458885665539011
27.4,29.31,1.4754118827446576
27.4,29.32,1.6235371062905375
27.4,30.2,1.4388795553045683
27.4,30.92,1.797384442908383
27.51,27.52,1.5910877806150403
27.51,27.9,1.4674513110995733
27.51,28.13,1.5253667612372317
27.51,28.14,1.4186215562781572
27.51,28.15,1.4315876490577548
27.51,28.24,1.4386815246936546
27.51,28.25,1.7680110431769342
27.51,28.29,1.5276469443116585
27.51,28.41,1.4512915913418056
27.51,28.49,1.521268510265232
27.51,28.91,1.4224357320431036
27.51,28.95,1.4142589007249533
27.51,29.2,1.5539713504630526
27.51,29.32,1.526651064575007
27.51,30.2,1.447040673073599
27.51,30.92,1.5178827513781443
27.51,30.99,1.4757125814959333
27.51,31.01,1.5012666148122986
27.51,31.02,1.5012666148122986
27.51,31.09,1.483295907757818
27.52,27.9,1.402460974628794
27.52,28.11,1.4835903315389976
27.52,28.12,1.4675374924889972
27.52,28.14,1.6541886532258714
27.52,28.15,1.6740617258641088
27.52,28.21,1.54478080776383
27.52,28.22,1.613102369697021
27.52,28.24,1.4278091020254984
27.52,28.25,1.8210077762280736
27.52,28.29,1.7452841046507368
27.52,28.3,1.521194835358986
27.52,28.41,1.5366612579367085
27.52,28.49,1.5391940645143758
27.52,28.91,1.411485082054926
27.52,28.92,1.566759246034597
27.52,28.93,1.82222819785742
27.52,28.94,1.5331726017148493
27.52,28.95,1.5085852551904742
27.52,29.2,1.469217592790731
27.52,29.32,1.6400945065615793
27.52,30.2,1.543661502193055
27.52,30.92,1.4340448279384137
27.52,30.99,1.4430694857054127
27.52,71.11,1.4582564369353317
27.9,28.21,1.4049315464954346
27.9,28.25,1.5279113977985124
27.9,29.2,1.41399103215569
27.9,29.31,1.8707809604839971
27.9,29.32,1.559810797148416
27.9,30.92,1.4219413207307252
27.9,30.99,1.53632947759502
27.9,31.01,1.6318168842309768
27.9,31.02,1.6318168842309768
27.9,31.09,1.6411619776434407
28.11,28.14,1.5384109324344108
28.11,28.15,1.6404942651601622
28.11,28.22,1.4061816732830692
28.11,28.25,1.4269047576259546
28.11,28.29,1.6041102810547525
28.11,28.3,1.5342462954428435
28.11,28.41,1.4238639370148656
28.11,28.92,1.4303417618017886
28.11,28.93,1.4605862963870448
28.11,28.94,1.4065199198614593
28.11,28.96,1.4395614168045519
28.11,29.32,1.4387230507622102
28.11,30.2,1.536176523723554
28.11,30.3,1.593674396290603
28.11,71.11,1.4425329324132992
28.12,28.13,1.7436526829025605
28.12,28.14,1.8060947341451992
28.12,28.15,1.5184327264299364
28.12,28.24,1.4902348521456552
28.12,28.25,1.4855230114219578
28.12,28.29,1.5251112731784462
28.12,28.41,1.4616466406315607
28.12,28.49,1.4319616941859905
28.12,28.91,1.502677988103985
28.12,28.93,1.4833687981683623
28.12,28.94,1.5432906155232569
28.12,28.96,1.4927228711273226
28.12,30.2,1.424581532468986
28.12,30.92,1.4014134889874876
28.12,32.2,1.4778647022717346
28.12,32.5,1.5215758671722794
28.13,28.14,1.4618351611165314
28.13,28.24,1.5374763915019516
28.13,28.25,1.4912464698325825
28.13,28.91,1.5215132598772374
28.14,28.15,1.6288771414282432
28.14,28.21,1.4519569866196866
28.14,28.22,1.4740144308849363
28.14,28.24,1.521627812866542
28.14,28.25,1.6821671514837218
28.14,28.29,1.7454251060996708
28.14,28.3,1.456108158427862
28.14,28.41,1.5488491559703732
28.14,28.49,1.4992135132687683
28.14,28.91,1.431702727517932
28.14,28.93,1.702190963546166
28.14,28.94,1.6988398346311218
28.14,28.95,1.4640973136608468
28.14,28.96,1.543965764695808
28.14,29.32,1.5059831384893974
28.14,30.2,1.4550088730733013
28.14,30.92,1.5010743914139413
28.14,32.5,1.5648498759086849
28.15,28.21,1.4792991912583249
28.15,28.22,1.4956482996774825
28.15,28.25,1.6403955751367358
28.15,28.29,1.6102049852374782
28.15,28.3,1.5020065269227851
28.15,28.41,1.5176145250495363
28.15,28.49,1.504001160210233
28.15,28.91,1.4863572610865248
28.15,28.92,1.480152630948076
28.15,28.93,1.6457784631360992
28.15,28.94,1.5725103523429
28.15,28.95,1.4854607350318
28.15,28.96,1.48607700839782
28.15,29.32,1.581841742715374
28.15,30.2,1.613255791521548
28.15,30.92,1.5021971244709524
28.15,71.11,1.4470967432513802
28.21,28.22,1.475745830656466
28.21,28.25,1.5174106908517966
28.21,28.29,1.5218298660656953
28.21,28.3,1.4769083785138604
28.21,28.41,1.5823905329602836
28.21,28.49,1.6556468898579006
28.21,28.91,1.4344356042031403
28.21,28.93,1.5819767270073697
28.21,28.95,1.4394331588099325
28.21,29.2,1.4055464731546194
28.21,29.32,1.4913202299457415
28.21,30.2,1.495259883558541
28.21,30.99,1.5087910120592811
28.21,31.01,1.4937305892122552
28.21,31.02,1.4937305892122552
28.21,31.09,1.471466931171093
28.21,58.13,1.5830027759515892
28.21,58.14,1.5830027759515892
28.21,71.11,1.4274045530807284
28.22,28.25,1.5714393578063333
28.22,28.29,1.6599622717589888
28.22,28.3,1.5676465290666866
28.22,28.92,1.5942187192022153
28.22,28.93,1.7035999419127863
28.22,28.94,1.5282318578892595
28.22,28.95,1.4047579306869138
28.22,29.32,1.416745112860578
28.22,30.12,1.478121224331625
28.22,30.99,1.4073108716298517
28.22,58.13,1.5423367975114832
28.22,58.14,1.5423367975114832
28.22,58.19,1.524502268606856
28.23,28.99,1.9767576482816644
28.23,32.2,1.411352912827171
28.23,58.29,1.6152413514218276
28.23,59.11,1.6152133619277145
28.23,59.2,1.6153796125131112
28.23,74.2,1.4276801123871266
28.24,28.25,1.5510519274161283
28.24,28.3,1.4033821773094353
28.24,28.41,1.4629695374300504
28.24,28.49,1.463332551485548
28.24,28.91,1.4911251989641905
28.24,29.2,1.497643347696895
28.24,29.32,1.4269214182569978
28.24,71.11,1.4210671087826676
28.25,28.29,1.7546751278841084
28.25,28.3,1.5324028465889077
28.25,28.41,1.504833614933021
28.25,28.49,1.507391640959277
28.25,28.91,1.4516659301392816
28.25,28.92,1.4812301567858983
28.25,28.93,1.8182057352343548
28.25,28.94,1.6378908142795274
28.25,28.95,1.4845025940150944
28.25,29.2,1.597452675702255
28.25,29.31,1.4165555068455244
28.25,29.32,1.6467798449139877
28.25,30.2,1.441074024367175
28.25,30.92,1.5015281507518616
28.25,30.99,1.5424280058738102
28.25,71.11,1.4806606355995364
28.29,28.3,1.5966720975639648
28.29,28.41,1.5845708161480168
28.29,28.49,1.5813983957223783
28.29,28.92,1.5210783948039308
28.29,28.93,1.8631815000602032
28.29,28.94,1.6817483296628453
28.29,28.95,1.5855928011305258
28.29,28.96,1.4692125013986643
28.29,29.32,1.456953419997769
28.29,30.12,1.4302178251675786
28.29,30.2,1.5044452210451964
28.29,32.11,1.4074512534595311
28.29,71.11,1.4711834951558078
28.3,28.92,1.6553756433927045
28.3,28.93,1.5621345871266503
28.3,29.2,1.527698746849297
28.3,30.99,1.4212748886608817
28.3,32.11,1.5070179451769357
28.3,58.13,1.457935066946432
28.3,58.14,1.457935066946432
28.41,28.49,1.9505039672349624
28.41,28.91,1.6651168296930006
28.41,28.93,1.47695288137543
28.41,28.94,1.4509051755044955
28.41,28.95,1.7111974736303242
28.41,28.96,1.6550479438869412
28.41,29.32,1.4557325113500652
28.41,30.2,1.5959086402004683
28.41,71.11,1.5226570569009938
28.49,28.91,1.6362059488167575
28.49,28.92,1.4087880171248883
28.49,28.93,1.4743907371909657
28.49,28.95,1.6423377895822768
28.49,28.96,1.5294379484917668
28.49,29.32,1.5050027879830346
28.49,30.2,1.6232567713293962
28.49,71.11,1.5433277377414538
28.91,28.94,1.4039035923884664
28.91,28.95,1.42715180770246
28.91,28.96,1.580068132977902
28.91,29.32,1.4507450494382939
28.91,30.2,1.5037807793712699
28.91,30.92,1.4390176208831496
28.91,32.2,1.42309028958147
28.92,28.93,1.5970156768791843
28.92,28.94,1.442211473063017
28.92,29.1,1.604915347643058
28.92,29.32,1.5700296210902327
28.92,32.11,1.4108104917389563
28.93,28.94,1.822140119451117
28.93,28.95,1.4969434634549326
28.93,28.96,1.4215359785291417
28.93,29.2,1.4542637739465274
28.93,29.32,1.5888063542826572
28.93,30.12,1.4527652405138518
28.93,30.2,1.4589329980703234
28.93,30.99,1.4542475196512998
28.93,32.11,1.4155189469132954
28.93,58.13,1.4962723811228331
28.93,58.14,1.4962723811228331
28.93,58.19,1.452888314356202
28.93,71.11,1.4942213524123582
28.94,28.95,1.4098545957527078
28.94,28.96,1.4975400213455794
28.94,28.99,1.4369849169153657
28.94,29.32,1.4349695805692724
28.94,32.5,1.4814035980645404
28.95,28.96,1.5645440600176448
28.95,30.2,1.4803012047892177
28.96,30.2,1.5915918550888168
28.96,32.2,1.5734124304895958
28.96,32.5,1.4437778748712184
28.96,71.11,1.4306385394488252
28.99,32.2,1.44586667567362
28.99,32.5,1.4098360456428964
28.99,58.29,1.5513472306471228
28.99,59.11,1.5513185847568218
28.99,59.2,1.551569636853995
28.99,74.2,1.4340369988475743
29.1,29.31,1.4057499209387831
29.1,29.32,1.7433926205775627
29.1,30.92,1.5478655208502023
29.2,29.32,1.4192726646943217
29.2,30.99,1.8595572065032853
29.2,31.01,1.5043591961180314
29.2,31.02,1.5043591961180314
29.2,31.09,1.4862823611417453
29.2,58.13,1.4678978475103743
29.2,58.14,1.4678978475103743
29.2,58.19,1.4258662422977897
29.31,29.32,1.677874845556627
29.31,30.92,1.5751087043210683
29.31,30.99,1.447161735658118
29.31,31.01,1.562567125289006
29.31,31.02,1.562567125289006
29.31,31.09,1.5901021640459163
29.32,30.2,1.5401036359340805
29.32,30.92,1.7396776457960133
29.32,31.09,1.4087768645770617
30.12,32.11,1.4787311954616411
30.12,58.13,1.5474553937018762
30.12,58.14,1.5474553937018762
30.2,71.11,1.469301039820576
30.3,90.03,1.4362411873957628
30.4,35.21,1.4963024580442548
30.91,32.13,1.4170660876353771
30.91,32.2,1.4482000720785178
30.91,58.29,1.4539220788999334
30.91,59.11,1.4539212799458563
30.91,59.2,1.4538123497894202
30.99,31.01,1.6500042341987902
30.99,31.02,1.6500042341987902
30.99,31.03,1.5066835455994991
30.99,31.09,1.6191293323841158
30.99,35.11,1.4200053111646675
30.99,58.11,1.4451780096078404
30.99,58.13,1.5745006455935542
30.99,58.14,1.5745006455935542
30.99,58.19,1.53751934259626
31.01,31.02,2.0
31.01,31.03,1.6175559533405088
31.01,31.09,1.974955514340837
31.01,32.3,1.4980866334331715
31.01,58.13,1.47170161106939
31.01,58.14,1.47170161106939
31.02,31.03,1.6175559533405088
31.02,31.09,1.974955514340837
31.02,32.3,1.4980866334331715
31.02,58.13,1.47170161106939
31.02,58.14,1.47170161106939
31.03,31.09,1.5790075825456618
31.03,32.3,1.4412255426145726
31.03,35.11,1.4840028104518648
31.09,32.3,1.4857843476139077
31.09,58.13,1.4397796928760562
31.09,58.14,1.4397796928760562
32.12,32.13,1.5789118623210574
32.13,32.5,1.4018395198662583
32.13,32.99,1.4969673107456636
32.2,32.5,1.6707873907917206
32.3,32.99,1.4368207985862471
32.5,90.03,1.4146710307054904
35.11,38.11,1.6414884392269575
35.11,58.13,1.4395706985201169
35.11,58.14,1.4395706985201169
35.11,58.19,1.4509557706248424
38.11,58.19,1.4798955852423343
58.11,58.13,1.6149624471962485
58.11,58.14,1.6149624471962485
58.11,58.19,1.503490516113781
58.13,58.14,2.0
58.13,58.19,1.6338369936827333
58.14,58.19,1.6338369936827333
58.29,59.11,1.999999909063648
58.29,59.2,1.9999987890353883
59.11,59.2,1.9999989248009666
74.2,90.03,1.4066894248776354
90.03,91.02,1.4337303253146336
