,0,1
0,-0.4929621047805685,0.10642270165541251
1,-0.1802564978416383,-0.44534876416402
2,-0.3683891170392511,0.022299131811637996
3,0.23652384162669357,-0.6040913574563703
4,-0.19208110621364524,-0.19955670158679215
5,-0.25052717662675805,-0.5473051235713942
6,-0.3758097396616534,-0.20396396758267255
7,0.3484091093656379,-0.5761507903338442
8,-0.36591539918436183,0.15617826233011642
9,0.29928004428636334,-0.608863969974763
10,-0.49531322648486636,-0.14648515634779122
11,-0.4496986185617233,-0.1233367913292005
12,-0.31582174743531893,-0.15402215791738635
13,-0.3499317441440704,-0.1351256616556073
14,-0.3127481528514049,0.23716161507562514
15,-0.3871712208175165,0.06295387596520842
16,0.3597167629913375,-0.4001986573152777
17,-0.07238178147683001,-0.622752621847539
18,-0.1048590860141142,-0.6076366938171158
19,-0.0798017825138858,-0.561846917275215
20,-0.06674871675126309,-0.5856920041509168
21,0.4641597595962812,-0.4461811337508287
22,0.19084703571325487,-0.6027487828552601
23,0.0,0.0
24,-0.1900754257426187,-0.32538349533796673
25,-0.41896651812437924,-0.4366688353938078
26,-0.08923351869684995,-0.3311908636545052
27,-0.28830665511279013,-0.024517229091306707
28,-0.15660243008501512,-0.2770580871791705
29,-0.18230759561870202,-0.33927182541536743
30,-0.16758946581651316,-0.2827831196056467
31,-0.18478635671148788,-0.05946578671246675
32,0.07110328232010543,-0.533900877113742
33,0.6329499726667914,0.17998772977517483
34,-0.5238846455151421,-0.42926592688760956
35,0.7516797787216309,0.15367994046846636
36,0.04784146744169995,-0.41916388685708045
37,0.5009081711641192,0.19735068126582692
38,-0.3897769604746027,-0.24623408574029185
39,-0.2595245298983801,-0.5890692107803557
40,0.24112603106286937,-0.5566950012538946
41,-0.3620265386288147,-0.5350692730397802
42,-0.3341725714479617,-0.33728203982911986
43,-0.6930074945372153,-0.14164767519892857
44,0.002839161251555932,-0.4610253930319134
45,-0.39933825634277226,-0.5614013290270837
46,-0.027263684247122052,-0.5430200577568572
47,-0.1534520488376705,-0.46532745478354176
48,-0.012135502355969214,-0.5191752938341401
49,0.07069509423200496,-0.6042902928547722
50,-0.021401504373686632,-0.4531717822978681
51,-0.24418306269724588,-0.16769877253838888
52,-0.12951098485332316,-0.40374293240106235
53,0.06938332296518138,-0.5615578378502778
54,-0.0018526818649608364,-0.6180733832180318
55,0.024526399191545485,-0.5565925513415514
56,0.03655330767542846,-0.45882276682428574
57,0.171196470858596,-0.5158326964081132
58,0.26219240860205206,-0.4377967966300606
59,0.00845883600726595,-0.6555001876109503
60,0.08815307520312414,-0.4816867750842027
61,0.29048020178514516,-0.6400861230020729
62,0.13150154129120722,-0.6362632020799813
63,0.02407151539587193,-0.7389252549790429
64,0.029195904545763717,-0.6381270973883947
65,-0.07095650820854786,-0.5736338844249991
66,0.02640244910985089,-0.5152993650899276
67,0.06940217315096979,-0.5899245561696236
68,-0.2743312431788755,-0.2759300862637296
69,0.020360591312964613,-0.4695727240826382
70,-0.016565628808693774,-0.5484768073010887
71,-0.10004583399307099,-0.414034529130266
72,0.31941659698353986,-0.3145384708882659
73,0.04861509997839813,-0.4925033284276146
74,-0.12222087717758913,-0.6150316869705146
75,0.1031662227087877,-0.6714542854097383
76,0.2485618028133331,-0.6203872967835365
77,0.7083522190659685,-0.2695857603197513
78,0.21377785646807748,-0.6037350039380387
79,-0.5957731699117075,-0.013587518132863912
80,0.5606289973485153,-0.38627263812839757
81,-0.3590477744250927,-0.6753101441737315
82,-0.4420049694605739,-0.5323737238093926
83,0.2911811198216573,-0.5522451537650437
84,0.15212896880188356,-0.5137300655161103
85,-0.3438462769869021,-0.414635567739521
86,-0.4354239491375143,0.11391521460640221
87,-0.43739175518230666,-0.25417381266098166
88,-0.46168621402828297,-0.20267136454285833
89,-0.3834136253634818,-0.42065380168593003
90,0.23511448856784525,-0.6331425653855407
91,-0.6022729141738447,-0.316358314956769
92,-0.2874942886529912,-0.45050543588445646
93,-0.04142309827159469,-0.5848834151435371
94,-0.09159929848423945,-0.5176561101378889
95,-0.055605379066663754,-0.429416558392699
96,-0.263587397396685,-0.38073691146128896
97,-0.5043473585874138,0.02860828772294984
98,0.21634486276788936,-0.5463370892361952
99,-0.412442547140287,-0.01429699723479701
100,-0.2873634334354671,-0.20196709861434567
101,-0.48478518121020203,0.32864279066000396
102,-0.7084834704720331,0.06692222630824077
103,-0.42931629814565053,-0.516820221287914
104,0.7243072786552529,-0.15476912099727713
105,-0.6460113998940397,0.19384324143988388
106,-0.3940949566530323,-0.1340100121047555
107,0.30787519414700854,-0.24604762545575018
108,-0.012709429786970277,-0.6610830166599487
109,-0.478857880342121,-0.33981670741093967
110,-0.4357031360200677,-0.3136283018529688
111,-0.4350700830465449,0.2831823975032864
112,0.10056663140375055,-0.6169563768358662
113,0.14984323765307955,-0.5882613161560528
114,-0.23467990374608297,-0.18433538803231433
115,-0.653162344534904,-0.061222981360976175
116,0.08328562136352786,-0.6369793957071418
117,-0.017135950870545164,-0.5901637980539755
118,0.3215361885894274,-0.4472333118379594
119,0.0,0.0
120,-0.17544598189716387,0.06616034375844403
121,-0.6366058227103077,0.2181591795626376
122,-0.4362597372812922,0.3878245280000199
123,-0.5024157953015782,-0.42567402693943696
124,0.12014596368534732,0.6270312008439687
125,-0.41405044297034743,0.24809992611897766
126,-0.26594706224615355,-0.4929995405114838
127,0.547222976285338,0.455963584866898
128,0.5795074629360097,-0.18868034914831117
129,0.5199762513214905,-0.23879624522332113
130,-0.4818520859563783,-0.5414505958498786
131,-0.02494620198066349,-0.5628549560678596
132,0.4820065372747658,-0.5264233453117971
133,-0.37409292469130095,-0.07435705436757355
134,-0.08118685217272606,-0.47946979202536605
135,-0.060292091451264934,-0.6078652950549647
136,-0.12584420907894575,-0.4902110794038792
137,-0.3181253343060868,-0.06128499875123912
138,-0.32430830028822794,-0.08593529150322281
139,-0.49512658434209483,-0.48561502336768825
140,-0.33847581482480515,-0.2641340062327382
141,-0.09080173084185329,-0.23948514300978643
142,-0.10787445800568486,-0.3048882298094014
143,-0.5297554673652503,-0.14038797270436817
144,0.18094814651852043,-0.5514062441976174
145,0.0,0.0
146,-0.03691782228228287,-0.6284478806136596
147,-0.2546768539177338,-0.131306013038862
148,0.05373854911397973,-0.6177835670473147
149,-0.0964306665403825,-0.4802107636283168
150,-0.4855488720561187,-0.5128086216022542
151,0.7020037465083034,-0.38783728077215623
152,-0.5563493567830563,-0.1257863768822507
153,0.6511794271937213,-0.19797509084756837
154,-0.5022539882919883,-0.17409288178505905
155,-0.08849292720992134,-0.35029367973041087
156,0.0,0.0
157,0.1505425430763083,-0.56342490067345
158,0.49427265318678615,-0.37182113564313374
159,0.0,0.0
160,-0.08272469416681077,-0.4285633107947087
161,0.06354525672914743,-0.4876344818063406
162,0.48630041354514153,-0.23973331878328089
163,0.49697367963220385,0.372594747394934
164,-0.5909829587673423,0.2092741957128876
165,0.05511908008626832,-0.4483938178631547
166,0.5464380552588565,0.10971397997633447
167,-0.06740002287303556,-0.4307139591004085
168,0.0,0.0
169,-0.05623470605881213,-0.519050732791659
170,0.055807935454401165,-0.3847209126281697
171,-0.10959526412654662,-0.3865510864178367
172,-0.12570102827647692,-0.35732891844490555
173,-0.05130565371982206,-0.31108121540874495
174,-0.06782718335038082,-0.29294111051147004
175,-0.3541355639364459,-0.3821373470099228
176,0.0026743567219751877,-0.4305219164057924
177,-0.08690639183534452,-0.4407777796488976
178,-0.19475176300033561,-0.40214539714427033
179,-0.4214841294699082,-0.3229791481765653
180,0.46195837054530997,-0.19998974765414962
181,-0.23926952978769916,-0.20748948639979248
182,-0.1811743186425866,-0.5282567506802986
183,0.0,0.0
184,0.4105849245610634,-0.18338787651005264
185,-0.1573293250624851,-0.6301470550453696
186,-0.15372586217585857,-0.5731007037099571
187,-0.3883136104859133,-0.04575599853727317
188,0.49975008838083007,0.4066089553966953
189,-0.6452226497056932,0.02885445690516621
190,-0.19082825385764882,-0.4910012468932661
191,0.26358715431096635,0.14045932945717327
192,-0.5608915581767173,0.17663037922081115
193,-0.1869256649726391,-0.24731133657706425
194,0.10865766181018788,-0.6057731827692152
195,0.013727191730218151,-0.5518645664826439
196,-0.26008424380940276,-0.35531852538735076
197,-0.1293648777516414,-0.5621248227736778
198,0.5670142480289939,0.17089161866020708
199,-0.6043285423778355,-0.3926617617472972
200,0.402545023200995,0.5132382568364726
201,-0.39234197699084716,-0.3082365669546961
202,-0.1792989198047702,-0.6287443098068749
203,0.4286264176142026,0.32518997740834327
204,-0.29498067369563136,-0.3012184861897114
205,-0.30787414926964224,-0.27676348921000243
206,-0.40702623082602374,-0.5898241113225786
207,0.4643745943275623,-0.3973539441830264
208,0.024172480234244505,0.06507740496142117
209,-0.41168989078216384,-0.6090763168358341
210,0.33309063189420113,-0.08674925943683649
211,0.3466966623615378,-0.4490719839281694
212,-0.2950485418457122,-0.524628544839339
213,-0.2342809801089933,-0.3899606022739014
214,-0.2952607042904704,-0.35288622717316565
215,-0.4433864504181976,-0.2627985963020794
216,0.07696880351164956,-0.5127817753364498
217,-0.29570653828779403,-0.43972493667093704
218,-0.18440871529275013,-0.43211563258993113
219,0.030503685976635074,-0.5992591886840817
220,-0.7639793928274983,-0.17079874513931187
221,0.3028748037582952,0.5154629999886761
222,0.31208534616885086,0.1920527004763023
223,0.6540712922978118,0.3039186115486907
224,-0.3949141965701352,-0.3480139031691239
225,-0.3446069694849276,-0.44925635744385306
226,-0.6505162615248535,-0.2643180238665467
227,0.591216835739796,-0.4608003759101183
228,-0.055078649328850864,-0.6845623821548671
229,-0.6936272893753274,-0.24458746971056095
230,-0.6937595191069827,0.024906711243447104
231,0.6641865968352636,-0.3185666988516857
232,-0.38673079226729556,-0.5211661570579553
233,-0.38828640459425084,-0.45596270775622033
234,0.5977375276292074,-0.4708709637110863
235,0.5670942908305792,-0.4432428065009863
236,0.621811252344145,-0.2533185477980188
237,0.7989764185030861,-0.09014047682830614
238,-0.6497195572709489,0.21524363139294989
239,0.660742173008774,-0.1743515082260821
240,-0.3236569510422538,-0.6266951584292243
241,-0.25310672665343964,-0.6559039970704187
242,-0.24587552048866873,-0.6671863085309381
243,-0.3225959641029147,0.2372431178226985
244,0.27246836228256105,-0.4931245999299644
245,0.11789947914766011,0.23502490439833515
246,0.0,0.0
247,-0.6763430990624308,-0.14388348219983327
248,0.6759674952902741,-0.2168470881857462
249,-0.558334027355142,0.11815187625580564
250,0.5056065485931909,-0.0017199983808618828
251,-0.2020951669830105,0.6579473368370958
252,-0.4985099679913469,0.009883071340418118
253,0.2632833009660715,-0.21177875329727813
254,0.3319194866730101,0.30514199942472076
255,-0.5916520803462646,-0.47770444891629527
256,-0.3286782024340572,-0.48926138112846307
257,-0.562922748599455,-0.4758919324024078
258,-0.37058508826083464,-0.272140705088784
259,-0.3665363717151069,-0.3191596160633404
260,-0.18603179507518444,-0.5590244142846579
261,-0.2686276113362678,-0.5447432800777385
262,-0.18697170433525365,-0.39280260905207603
263,-0.6753130940463613,0.2887046444049672
264,0.6845815045227217,-0.09359379090221712
265,0.3737345671944456,0.11973921590678602
266,0.12094207411553445,0.297963164313208
267,0.4363281385883237,0.417332632055813
268,-0.3388149873559223,-0.1603420330192623
269,-0.4773161963492159,-0.23287196769610927
270,0.2692693554974234,-0.10037338805610639
271,-0.6294291335325592,0.16591929713005676
272,0.23357325984643856,0.6839028017938092
273,-0.23124120623181318,0.13391353261628317
274,-0.09593490387680408,0.7065675797658568
275,0.011476734592791842,0.5181910317675656
276,-0.5660923693275649,-0.41462232133620885
277,-0.35843555665715265,0.0553992050290081
278,-0.19888937133678952,0.5405631353669823
279,0.0910207766346892,-0.11981914780135071
280,-0.6094880893716621,-0.2817455211588813
281,-0.5646591000121383,0.4076402638167706
282,-0.5156545183971237,0.24859827227047596
283,0.4185974176004667,0.39273288527220546
284,-0.45940325544271626,0.478738284741274
285,0.1170236113680867,0.40800528573226197
286,-0.3496011640052087,-0.2927727076311707
287,-0.5213338146651881,0.13067808219438748
288,0.36491264273056356,0.40138859845601293
289,-0.33276406346089815,0.31391110493522495
290,0.0975207694863891,-0.29703098876359313
291,0.6302376190639579,0.07998841592255196
292,0.23975046366412378,0.6008989769713059
293,0.14113687275976364,0.6134217660655302
294,-0.48180750566595887,0.24923707332793152
295,-0.2540478517700396,-0.2908366513123171
296,-0.6143385365586149,-0.1788810668203882
297,-0.25944738005319523,0.265448564176838
298,-0.09081297001994118,-0.3883714572289443
299,-0.16730713429465063,0.6045196138410519
300,-0.04729882929128691,-0.2494647692106702
301,-0.4910692659154329,0.5171748434367541
302,-0.48531800839347294,0.38209927384926345
303,-0.3235130714808278,0.20016392184625514
304,-0.12848234593698507,0.5895303098769119
305,-0.6135673223326318,0.2331238607842867
306,-0.5072677162524757,0.43861453406457057
307,0.3159128953097917,0.5997384230068379
308,-0.31775308746535114,0.03771958492853816
309,0.0,0.0
310,-0.3754434801870215,0.2619613399069195
311,-0.16460322913749034,0.6237276302557424
312,-0.11622378289328147,-0.04361942344706215
313,0.0,0.0
314,-0.5311743365820699,0.19651505680190834
315,-0.187177467658116,0.4790926649347777
316,-0.19521000469360802,0.527754890029899
317,-0.05764853095551121,0.09270396830229971
318,-0.601916616770256,0.045142166201359565
319,0.1621888886220629,0.588433927675468
320,-0.10838748142934003,0.5384517273948647
321,0.20747128228186448,0.5608871713017364
322,-0.5401831199862146,0.3546435158836341
323,-0.258453800370686,0.5866456015840226
324,-0.3447817807379929,0.32669130580056843
325,-0.19846521293891325,0.37257010588362627
326,0.06713979057790231,0.5734270066653383
327,-0.13106217305192644,0.3227606797993084
328,-0.4199537983567584,0.2285330381798171
329,-0.06528770105694369,0.36136846413166396
330,-0.5808605231126628,0.12808705363476158
331,0.0,0.0
332,-0.07004059560196195,0.53684728535015
333,-0.053877696353849945,0.4962229208771382
334,-0.09082578632603669,0.41537827191072324
335,-0.27437016059296204,0.4079582038661683
336,-0.34106251471136,0.2724915258434767
337,0.31039819076021474,0.5249191463141633
338,0.012041367748007055,0.40366147041158185
339,-0.3296608837912673,0.5089915700541285
340,0.4590776285612895,0.455425205012166
341,-0.29058267694803225,0.43200629737557245
342,-0.24387312072937165,0.4847101997787606
343,-0.09105944840387742,0.4989523023770549
344,0.0,0.0
345,0.0,0.0
346,0.0,0.0
347,0.0,0.0
348,-0.13400619030197186,0.4364950242131237
349,-0.2924238632490332,0.39022758759357035
350,-0.3992652521176601,0.49607272478810194
351,0.5260244536291152,0.3462544789742951
352,-0.28656418315908017,0.2666086184162688
353,-0.28447004203913556,0.33254021480132806
354,0.1170738451529421,0.378565229304494
355,-0.6581245343436497,0.18498401077906787
356,-0.14566270317800922,0.5983560458164383
357,-0.11998464414416743,0.27548603899740115
358,0.15461658370206244,-0.05772023600103267
359,-0.18231268931086303,-0.10505158647807021
360,-0.03211019046888378,-0.07355390454087574
361,0.4284092912403433,-0.3309987795332914
362,-0.28266867687402947,-0.3685522719893327
363,-0.24825995160812636,-0.5676591078055796
364,-0.2734485954730528,-0.5701470345001534
365,0.6089817215355429,0.10232493139901874
366,-0.10044764968697188,-0.5457738845303618
367,0.0,0.0
368,-0.4701974012925725,0.0912604886683222
369,-0.38106453521282163,0.16418335667898099
370,0.17903608630421664,0.4126279033069313
371,-0.49541097894900316,0.2812280149230834
372,0.0,0.0
373,-0.08714095477817878,0.4624847169181659
374,-0.12005554098076668,-0.22798255745808194
375,-0.08518335926475407,-0.2377901630700853
376,-0.1475996987775607,-0.32617486580876637
377,-0.19522576497230518,-0.0055775692868833835
378,-0.21161678277412402,0.28034777437545944
379,0.29166986659218136,0.09364877230242495
380,-0.14901839075353554,-0.06450371392493644
381,-0.133827480983953,0.46966821939378084
382,0.0,0.0
383,-0.3836964199974018,0.3712100537383063
384,-0.4460274192551091,-0.0745526490950951
385,-0.3345551367149827,-0.04336636222390134
386,-0.01584336562628476,-0.3424611908421912
387,0.349526373375305,-0.09938873856377214
388,-0.1031917610604698,-0.11458640245294549
389,-0.0724922761760162,-0.23575236915297276
390,0.0,0.0
391,-0.22115345636962985,0.30836189331141184
392,-0.3838347806783479,0.32158217232058495
393,-0.05978281049199788,-0.15795633727483088
394,0.09635147228640029,-0.2278595828993911
395,0.023078272773414787,0.5271747040923522
396,0.0,0.0
397,0.0,0.0
398,-0.3998681036850004,0.007941704853090993
399,0.0,0.0
400,-0.24290852063356846,0.2919263446400208
401,-0.14924138070034895,0.2565611728662772
402,-0.47719159621187845,0.17254102734347163
403,-0.3570948906805775,0.20077356925392292
404,-0.20321403467896437,-0.5158268672666056
405,-0.4506007912634873,-0.17766171305019987
406,-0.5781598180226726,0.403859724940392
407,0.02056150141841446,-0.6529671697835965
408,-0.07342161558615119,0.15165881516788857
409,-0.28164539220374396,0.6046664029958054
410,-0.21284590696632194,0.6867371455041107
411,-0.43181524028091356,0.47493845587441313
412,0.5450574099685047,0.14195083241052897
413,-0.01052315725660698,0.6773407274591002
414,0.03093100682114479,0.23294165088276927
415,0.0,0.0
416,-0.0194083042279253,0.487740807304382
417,0.4275719784146021,0.0705090706488245
418,-0.3132907528780371,0.5652421630264761
419,-0.5117999694627182,0.3228034313024322
420,0.5018114371041567,-0.02820739555802184
421,0.4377760013319908,0.1452890039012148
422,-0.5447025092130111,0.436047845142233
423,-0.41852643961041824,-0.12818865146816663
424,-0.2050438465447296,-0.009052091957721494
425,-0.16353085182830152,0.41344804520294426
426,-0.34486476628505575,0.4870194317695066
427,-0.2321290685488949,0.26909623098110447
428,-0.2699779939359846,0.3619325264286109
429,-0.3425105781505114,-0.11615448607669487
430,-0.25557542848361287,0.3923596059550812
431,-0.16306503545301768,0.1168941644835692
432,-0.5792487069284404,0.1610843608920425
433,0.16024360056701745,0.6352104674367202
434,-0.4462731242351878,0.3757105662671737
435,-0.42382563896807585,0.055703642290345835
436,-0.3611405065656458,0.2960400348790764
437,0.0,0.0
438,-0.5136302635605159,0.25940618447742275
439,0.0,0.0
440,-0.41155610454309216,0.20770335403657017
441,0.0,0.0
442,-0.4732487630413889,-0.10007960725388995
443,-0.34892412560378666,-0.0660426729559842
444,-0.13344765461849661,0.2565869445644413
445,-0.22763814944573255,0.06873655398190365
446,-0.24465025571163904,0.40292378331079065
447,-0.2361036147405983,0.46195322962219043
448,0.0,0.0
449,-0.14998922433755074,0.32277210928189687
450,-0.03646865165519961,0.15999280846001768
451,-0.19265688143651707,0.5472571243593126
452,-0.2611307754915289,0.5298324266292423
453,-0.384053851244278,0.42375974912743913
454,-0.06620996003396408,0.5814536825696376
455,-0.044601894314091936,0.3629789561912709
456,-0.04531076796333699,-0.4861755305591939
457,-0.07394240952766919,-0.12193638201987884
458,-0.05188242840853406,-0.3667842004468437
459,0.33779360492367344,0.18714419352505252
460,0.008670439715728256,0.43232939775858226
461,0.0,0.0
462,0.0,0.0
463,0.07382982374450281,-0.17341936077104855
464,7.200565769911216e-05,-0.36536288800823874
465,0.14564902690735917,-0.4503328070948932
466,-0.0016064365811401392,-0.21798276229988567
467,0.0,0.0
468,0.5758341621332406,-0.4663615268763502
469,-0.2267111401576099,0.3708043714062156
470,0.5857012761433001,0.19530669927452546
471,-0.17716128515061938,-0.26280616164397236
472,0.2888090414165485,0.03769106986186373
473,-0.08211887428191934,0.05635014627517114
474,-0.7773718225279821,-0.0879932207167874
475,-0.11479525253947381,0.052962060445734815
476,0.07872806300804235,0.1878918891879156
477,0.08133490154789982,0.013301390956267077
478,0.1974860305975536,-0.1424793902392874
479,-0.07268469156586878,0.04067250467626236
480,0.6107232602546137,0.004710825195857208
481,-0.44867809542285775,0.005578623682390322
482,0.0,0.0
483,-0.00534956559598265,0.0028606514443923372
484,0.1240784453516317,-0.1560618132693969
485,0.1132512019962431,-0.5857896475201785
486,0.14761624447937113,-0.624562031774949
487,-0.5789850967842922,0.006064811034477493
488,0.0,0.0
489,0.0,0.0
490,0.0,0.0
491,0.0,0.0
492,0.0,0.0
493,0.0,0.0
494,-0.5970342523023071,-0.2362260170264721
495,0.18139662248986746,-0.01160591351906401
496,-0.3466303999682775,-0.007453795661658915
497,-0.3272378242643455,0.5467174873234963
498,0.37483989381930993,-0.2987154083702123
499,0.2916095766407775,-0.1363254263501168
500,-0.5841979715149059,-0.15348311385277894
501,0.0,0.0
502,-0.14480144566968217,-0.2990743437904748
503,-0.5944147600577021,-0.2174370417930066
504,0.3695661450205565,-0.22619106684169696
505,-0.12590019554436566,-0.46224112544613855
506,0.04358381459215725,-0.6014971181394432
507,-0.2187752416160313,-0.5685508470347741
508,-0.20509571515135708,-0.3618615975749709
509,-0.561988035950375,0.2933594412218923
510,0.2784232147605162,-0.36879758313982536
511,-0.21449178402702762,-0.5631981214329168
512,-0.22611104151037223,-0.5471570450441985
513,0.07998609144413098,-0.38462109462399646
514,-0.08671888137552212,-0.3070112873150885
515,0.005737640582771035,-0.2857430965254871
516,0.0,0.0
517,-0.037674648206932296,-0.43057977681912935
518,0.5365203681066832,-0.07975479220850797
519,0.14187528125543633,-0.41335404795296166
520,0.46275733579211276,0.321634255474679
521,0.11866805378088585,-0.35051370563896195
522,0.02092438466860103,-0.2590921612037017
523,0.5836771015686959,-0.12841286076411662
524,0.44449109014883087,-0.34820090853506613
525,0.0,0.0
526,0.7007440561998912,0.03927930427012745
527,-0.7149445988222612,-0.2655530286861193
528,-0.6535835007593007,-0.06925478963778606
529,0.5374561376061532,0.257588938476436
530,0.5795969020399254,-0.2882043944815221
531,0.5647104004310827,-0.33262188616513333
532,-0.631416158922542,0.08985246555731817
533,-0.5252916831246586,0.30560374785635996
534,-0.5856027743945337,0.018930486078324465
535,-0.38324793739798263,0.23814823046080694
536,-0.6351677307063177,0.26963572158220955
537,0.2542188996955726,0.19482013401511414
538,-0.14286331856133672,-0.37621252856633014
539,-0.26493409500624626,-0.09632244417618872
540,0.0,0.0
541,0.1669755264443393,-0.38582165463644974
542,-0.3765074235078823,-0.1501180719738939
543,0.0,0.0
544,-0.12688934097092264,0.6424864635669703
545,-0.37281624543146286,0.08260702951458203
546,-0.12270113685591295,-0.21364742422907154
547,0.2482523525601451,0.2526567180299474
548,-0.2615207735706683,0.2287764891637808
549,0.7734981023757325,0.027095896601920175
550,0.14088624711918185,0.22581699528821847
551,-0.2956123430341521,0.021522795863003194
552,-0.2951124207954623,0.09990831759297297
553,0.44152700672752687,0.12071068843596248
554,0.015971539199854806,-0.18960118328836426
555,-0.07636260253435806,-0.31445949337086
556,0.01709457976826722,-0.37548248275192814
557,0.15634922151072753,-0.3858837737632041
558,-0.04022300030643198,-0.3337212938127725
559,-0.011493126175556449,-0.2052040203875736
560,0.0,0.0
561,0.06294401101138036,-0.16156232342899815
562,-0.13927220687360173,-0.10239478628321139
563,0.5921802239965946,-0.02675845542718649
564,-0.2782567378629787,0.46053038389887996
565,0.220836844044716,-0.019692267980439167
566,-0.21066948567639565,0.19732541109669943
567,-0.5133106789992145,-0.29570767762089395
568,0.36560764515766747,0.36799759758037603
569,-0.312564690278546,0.5962391123864725
570,0.1061067034883802,-0.09073809168803142
571,-0.14647773529495925,-0.1641942166235599
572,-0.3430436040185597,0.3474719906510026
573,-0.6940967603851314,0.15690022430460537
574,0.5322110747157016,0.37578679677332333
575,-0.4939732743899461,-0.33490826041041316
576,-0.6536328058510626,0.29589963059669716
577,0.41755846242358774,0.16625803766752562
578,0.5384820598493462,0.3330722922643644
579,0.4201008733871515,-0.5745996718303744
580,0.618801645272192,-0.025899317220906017
581,0.3355650782553625,-0.18980876530823418
582,0.5531350900313807,0.22687250183003077
583,-0.40976149592704864,-0.39391688176975725
584,0.25211091305621164,-0.14137063750221293
585,0.33958316943207184,0.14893214062433907
586,0.5841228050107292,0.34465946619991744
587,0.3843321671484292,-0.16477939709551326
588,-0.502076287287602,-0.23039046177402378
589,0.37439927301883974,0.0025191914630214433
590,0.4168790370058003,0.18563486745958388
591,0.414204027411958,0.23043290805516609
592,-0.21245794719632824,-0.6776666180458151
593,0.2989268353532401,-0.5815633147296502
594,0.25847224205261055,-0.629318605541678
595,0.20024961263662763,-0.42766511362199394
596,0.4012078201686121,-0.4686685489295536
597,0.4798235404748833,-0.2035272115984058
598,0.12219871478506265,-0.46980956107936334
599,0.4367485981759963,-0.4014602505501604
600,0.39782301399392483,-0.39504709201210525
601,0.4946007515641634,-0.133191316249462
602,-0.3799995022275169,-0.22901785477765604
603,0.4394250338300603,-0.22416974296820888
604,-0.7218843898406787,0.15473756967591665
605,-0.513290560827767,0.3517094366557793
606,-0.4613222763221128,-0.5999369494960907
607,0.5947929344840273,-0.3652585616022147
608,0.4379282664067356,0.013032787078295213
609,-0.7719009468122219,-0.21057136881985367
610,0.522634640484336,-0.2666105104112524
611,0.41200488899480203,0.14945232543731848
612,0.6253722286524709,-0.38383632229497505
613,0.6598842333661634,0.15326833199949608
614,0.2855263587820357,-0.3924954187276146
615,0.0,0.0
616,0.19911863417920206,0.20216913132379663
617,-0.11989371790278282,0.007840012342331979
618,-0.6573248297430907,-0.0390435069381827
619,-0.6507860643741196,-0.0224593404372982
620,0.5479076808895275,0.05152430799351917
621,0.4355787453280764,-0.05507271239132874
622,0.4365811948382392,0.24647700263088324
623,-0.2269867786517563,0.6098358066062131
624,0.36420678945411156,-0.07461767721552286
625,0.5508068238529885,0.2822437081879724
626,0.1824843624965118,-0.29313701215948196
627,0.28078451889643735,-0.015708208362254304
628,0.08575833580123207,0.514519364547742
629,0.5095406153905593,-0.22295672789718268
630,0.3911303231300675,-0.2501997175726755
631,0.40802690038803946,-0.21626339962931432
632,0.37931369290564526,-0.28632074909022787
633,0.36079754585272195,-0.11794526246774553
634,0.6330647923886069,-0.14474757827328474
635,0.3227189253647484,-0.18704336509210595
636,0.43764713448078346,-0.19496317578004196
637,0.5828224391370541,0.04713516356827213
638,0.19135002026702655,-0.21489060638080387
639,-0.0030215419498397043,-0.11916509800469292
640,-0.067171009989455,0.0848372870859712
641,0.23393740484683917,-0.08367549587505478
642,0.24367328702279278,0.36539698326756975
643,0.2831861316507407,0.00033796250429873
644,0.17121675847603782,-0.49670311370551357
645,0.26946155325489757,-0.3697275341217271
646,0.3775637453729259,-0.3289210874834877
647,0.6253403524682357,-0.3226187844505444
648,0.40885862785931193,-0.3827606683098534
649,0.1842425028280891,-0.10214413621145275
650,-0.5698093374035935,0.06890474653997603
651,0.45105058631780365,-0.05165301123630499
652,0.399384610823518,-0.0040764966757739895
653,0.4773021761259402,-0.33422014971547775
654,0.5074684769313336,0.20785470568907446
655,0.44628904464932756,-0.2455247806969085
656,0.22859566329946598,-0.25279965679824085
657,0.2105347122610689,-0.1600619932079766
658,0.27535071961682756,-0.2998635766139644
659,0.5550775696044982,-0.06081915157050064
660,0.4992028320371922,0.0663038279750523
661,0.5770972964920135,-0.04380177218408032
662,0.4418831438612271,-0.1669492894136992
663,-0.48963602348901375,0.15768053685065767
664,0.4731988625354278,0.04347571306405146
665,0.37137884180885256,0.3083885854425122
666,-0.4294597935164123,0.46298063092260905
667,-0.39798027414432274,0.28814225216559325
668,-0.18235409800617902,0.3562502297459143
669,0.09370450716858036,0.08187962957217398
670,-0.46624813535171145,0.19620769755006776
671,-0.10446895187331817,0.45948630574878985
672,0.05750381737568961,0.20899882424665725
673,-0.1267380607572154,0.022639442143155723
674,0.5405728069659242,-0.17201613639132005
675,0.0,0.0
676,0.0,0.0
677,0.0,0.0
678,0.0,0.0
679,0.0,0.0
680,0.2961210903197759,-0.4813024893366282
681,0.28417689284060466,-0.47174671668618784
682,0.3749167966474331,-0.5077087444889354
683,0.32741602904513484,-0.5133803771114193
684,0.32226939418823364,-0.4957938122592685
685,0.25304717344124344,-0.5157746980225563
686,0.2674273452731446,-0.5007550334754494
687,0.22702818817313056,-0.4989296687379887
688,0.23595695868062236,-0.5053148053065755
689,0.2608281761566075,-0.5000029585731369
690,0.3689910133933539,-0.4801016744609446
691,0.32982372374673635,-0.406022706263732
692,0.4665656378737142,-0.25615093307111064
693,0.22644150242110825,-0.4540311401038723
694,0.23509916231292877,-0.4194732162214511
695,0.614068165077641,-0.12487954919094105
696,0.3894050808508396,-0.34904030196218794
697,0.385243775411824,-0.3786838803283806
698,0.27896115229290297,-0.42835377116352513
699,0.20283712054199737,-0.48325158572001087
700,0.22044460974647537,-0.47320592215842877
701,0.2764114838496873,-0.47745166823253415
702,0.24313422644866658,-0.4729094532770524
703,0.34115157755221065,-0.49824830368545797
704,0.32529053671610814,-0.46376074608284634
705,0.3095203724753381,-0.39042020043028564
706,0.26985339745624654,-0.3129407463796619
707,0.2365130857526745,-0.4550370198291395
708,0.249587254420218,-0.4435380255312039
709,-0.40795592979917344,-0.4341091112048068
710,0.5172572565330981,-0.14500957775254128
711,0.5191480322989711,0.18443626555616388
712,0.588100905377604,-0.21827147050608853
713,0.33683755640920615,-0.3122921435535916
714,0.5100718180771437,-0.2994305523176587
715,0.42172999869920746,-0.4324421431295975
716,0.3930666707134421,-0.26484229551985267
717,0.3177542145129042,-0.3610962809089105
718,0.2230205082023655,-0.5708382424002776
719,0.33210589882504504,-0.3715571716453732
720,0.5307991553654099,-0.312011288780954
721,0.07332191383169495,-0.2323376626541034
722,-0.3635290936654396,-0.33506850935582017
723,0.18313972159217812,-0.4882049139379239
724,0.12352156036869662,-0.44400445137724825
725,0.5818978309605367,-0.2510400309418549
726,0.23873855444295727,-0.3672101390438997
727,-0.41443959107214706,-0.0919394799698771
728,0.5077583101359406,-0.3039717628762462
729,0.24719606680956607,-0.3696423939945225
730,-0.5668128855839684,-0.16731803280713065
731,-0.5964682367004144,-0.10722393768642452
732,0.6434463543203371,-0.06512223322456691
733,0.5653439320941213,-0.19925448736076026
734,0.4634198131669259,0.05249837540487818
735,0.6032679315964243,-0.007871951831741962
736,0.7273978559450175,0.18902184285302434
737,0.5253799174746466,0.2917419530418836
738,0.4487843933087109,-0.11523927344169918
739,0.09433477154425186,0.6745863069063002
740,0.7535955685394632,0.0887646362146313
741,0.5670289766832984,0.04677504044788165
742,-0.6102994001366909,-0.39581225414073606
743,0.3195514811573414,-0.2850710107277002
744,0.3436338624957232,-0.35614852128900565
745,0.6397296618494235,0.1338927694547331
746,0.17179917496524352,0.24595850000253014
747,-0.08958692105615469,0.24325186385363926
748,-0.1934719056784565,0.021357897428290657
749,-0.22518186572390061,-0.14868596259315053
750,0.1631403343174466,-0.08434357049568215
751,-0.15017368173175735,-0.25628641655084067
752,-0.0041381974358776115,-0.24029476574584727
753,-0.2381201310916262,-0.30948697602026726
754,0.3955069637226734,-0.28603147342431523
755,-0.34252369106267333,0.04999993335024616
756,0.15819830820399217,0.4531619897966743
757,-0.16059154203431214,0.46195552695556236
758,0.22376398873377557,-0.2759841951598315
759,0.17566139249479992,0.13411130194399973
760,0.06869057990921637,0.3544164397640671
761,0.03429764159786914,-0.33110547232844834
762,-0.10211940735003947,-0.1293370809055856
763,-0.3116567294103084,0.5098016632863096
764,0.34516296371152333,-0.27216945529204145
765,0.0,0.0
766,0.14850051660249644,0.43003127225632587
767,0.17554509868999327,-0.31372351632051804
768,0.4811704573644574,-0.09256183591291291
769,0.5730482162888997,-0.08173488204486501
770,0.7003314651848429,0.11530459055562367
771,0.43990309733641453,0.05603102133316131
772,-0.23972113640822115,-0.26842991860451365
773,-0.15479875581885205,0.5343465459758915
774,0.4652894767416831,0.5119292355631946
775,0.00915016503025238,0.7826775625341038
776,0.17861943166274935,0.027272696665211812
777,0.0,0.0
778,0.02275280453786353,0.0033064205819387585
779,-0.005501886836302399,-0.06952944450620963
780,0.14455929464728406,0.37825396511270415
781,-0.00017271779195441938,-0.4119198125184425
782,0.3018494741950529,0.27973329791945806
783,0.353895955816953,0.1070928433776194
784,0.21719371677129282,0.6151001804510293
785,0.272617646644166,0.5587094373322146
786,0.49538309014744425,0.2603823480130689
787,-0.13849767821494702,0.5641520180101343
788,0.6028189861649227,0.3981798062296062
789,-0.13337310683760575,0.08856659448829407
790,0.31246671305559953,0.4116379881739189
791,-0.5761495394937511,-0.047674680157813475
792,-0.6280908331239744,0.1112407001671358
793,-0.5525627316814368,-0.2966713063917123
794,0.16013179312816656,0.5095868674257759
795,-0.08266122540814587,0.5986460160153658
796,0.2210288519263478,0.1686912613906093
797,-0.11977166142495108,0.6448153487678034
798,-0.05494227813575322,-0.6666739252549132
799,-0.3623790428346871,0.5250617646365554
800,-0.4449666383554552,0.5186166229266804
801,0.3644198815123011,0.6809986725834074
802,-0.2216804145266273,-0.36631716950850796
803,0.4862040948910728,0.12057203941673883
804,-0.5718373221616186,0.26495971040691363
805,0.6163629203779778,0.4493883143539242
806,0.0,0.0
807,0.38157451251163804,0.054971922178833
808,-0.3595294541904587,0.02477573335003
809,-0.6235011123808366,-0.34204615057582843
810,-0.43886922694364283,-0.4399414544672927
811,0.7532828928771741,-0.1494059276287876
812,-0.24777550741750323,-0.40895002393012886
813,-0.2741004753231698,0.12944189124460434
814,-0.34419668071307624,-0.6049911438824658
815,-0.5262921324794344,-0.28653719454797727
816,-0.26828977955176775,-0.21136256176469928
817,0.24159660470669386,-0.04554590714984626
818,0.12943948750044962,-0.03148802554160473
819,-0.1759719554583302,0.15300994931699155
820,-0.06823941216289868,0.01645691019656464
821,0.1524424026763725,-0.20243922427962352
822,0.08978530266571615,-0.5442260796425632
823,-0.12930708751667155,-0.14423576850451034
824,0.0,0.0
825,0.10684291606305249,-0.2660049201307056
826,-0.20942786545951916,0.4305114330287311
827,-0.23405424795713145,0.45664182189568203
828,-0.14047337024700549,0.3543422631799148
829,-0.027412823434396386,0.21213422074835253
830,0.0,0.0
831,0.02806838123679703,0.4536455769585358
832,-0.25008928410272907,0.13493252665952704
833,-0.14983693996275355,0.41500504387383846
834,-0.022454067283027335,0.541449402306442
835,0.02628158695923436,0.17590624539809907
836,0.0,0.0
837,0.31637345225761404,0.32980824037539197
838,-0.43977390567040003,-0.2065178519048687
839,0.051422916251282424,0.2844310859594305
840,0.3946688786622693,0.31528176227951793
841,0.1527645272461617,0.16106011477780133
842,0.26415641575152987,0.3925081416569556
843,0.0991115566699399,-0.43695770811284945
844,0.06757022536997907,0.23704971804043648
845,0.04141674453252158,-0.23436185401689655
846,-0.048757241230762347,-0.2668441245865033
847,-0.03242818289972901,-0.2888149968017294
848,0.20937145260050646,-0.254727338718797
849,0.33861893460632964,-0.03044589374961374
850,0.14007997872102454,-0.5480164823816293
851,0.03509713640786905,-0.28389219846937847
852,0.11404027629899526,0.17460617739890227
853,-0.47219110596611424,-0.048647328999318264
854,0.13461244611213172,-0.3779603375621028
855,0.06435099926048848,0.26154316079433587
856,0.3969359037799276,0.4412840613243093
857,-0.010074809442665715,0.10655091902545681
858,0.14220651847938418,-0.2274718566299428
859,-0.158311960622233,-0.037978485939158146
860,0.5471625541133228,-0.0107079215993097
861,0.12172722000686315,-0.015690222594800306
862,0.03366205751690762,-0.18717417856287374
863,0.06079869401528536,-0.0969932582678896
864,0.44450003453089204,-0.43847204415100344
865,0.4897874038863516,-0.46468785027488224
866,-0.4629600773090071,-0.29754419332777726
867,-0.13220453924546444,-0.5258444667136942
868,-0.4229186688629676,0.5239051750859065
869,0.23878616931534621,0.4597464079577958
870,0.0398422089190646,-0.25029523914577817
871,-0.263684049599496,-0.2937882108091745
872,0.3422759277276075,0.41227624930831747
873,0.42654845402409425,0.5409989149026978
874,0.35839674393110504,0.13200359975019024
875,0.30320410314725627,0.35723906381869874
876,0.21307029173372066,0.128623596142924
877,0.11187490770963131,0.34223451527564747
878,0.3997330990024752,0.1980072582777318
879,-0.02607098040519325,0.36971442977264923
880,-0.7360901764172886,-0.11895010481047183
881,-0.6696896801252407,0.08634363428111166
882,-0.3702146660471031,0.3323566950815112
883,-0.5246668051291131,0.4525846526803318
884,-0.2250358165713208,0.5348194078714452
885,-0.27702073140809874,0.47781186089747874
886,-0.12754983383762405,0.6195592983592845
887,-0.39794949922972706,0.08776052075999892
888,-0.4627842706504495,-0.4226110746974782
889,-0.20037921697097444,-0.45656614540618545
890,-0.30148295233851224,0.4834509666569549
891,0.018170461133962063,-0.23787396839457997
892,0.06685702943632106,-0.33437404262204273
893,-0.04494294932498654,-0.046263901032371484
894,0.1316448463610861,0.03407393438839759
895,0.09910046380861838,0.06430066034909514
896,-0.002085519534095606,0.11085391046563232
897,0.027333287704586578,-0.21205952006671314
898,-0.1819042504323132,-0.0883193039462748
899,-0.05888383877805468,-0.18900979386303204
900,-0.20986659733807858,0.6064495607710854
901,0.1965553785409924,-0.3895543495510171
902,0.42350547502994124,-0.06520481742348934
903,0.09977591901917549,-0.07285910902116034
904,-0.11827892410641275,-0.5902830150845467
905,-0.15164477022551057,-0.5262534715969479
906,-0.3729761076958381,-0.3767401627729712
907,-0.28436034967970447,-0.2581604746932801
908,-0.5516604355106532,-0.10606934589870569
909,-0.1626384795466121,-0.36493339480136255
910,-0.6095979392198021,-0.001171222542063898
911,0.09526698266040688,0.3644518101794616
912,-0.26660441226616594,-0.0405938348597071
913,0.007183306822932408,-0.045166743897888356
914,-0.7271838743025663,0.0045993694599802005
915,-0.41735212547949946,0.023806053850824117
916,0.2822783523012204,0.27845161903275845
917,0.4017526006413822,0.2700160461795753
918,-0.023683902342981202,0.4446464808340288
919,0.0639688952271645,0.6365305425114375
920,0.1261789163977354,0.5221275187215418
921,0.32360592343020794,0.523539544041748
922,-0.6585461484174567,0.05800892275926154
923,-0.45554450739373076,0.5769409658529957
924,-0.48024507264283534,0.3295231064961907
925,-0.2676124592002549,0.6568909516192457
926,-0.40172160073898927,0.5834387392460229
927,0.6462514412375946,0.26281608868076517
928,-0.5661807794199882,0.34872337941859793
929,0.20498314402991763,0.5706273604419037
930,0.12447752413502926,0.5039720015401952
931,0.21815833694131703,-0.16050850818398546
932,0.023762477350808282,0.31233614790439945
933,0.22703514210876588,0.4870367594760694
934,-0.018137036554555373,0.5635510435679872
935,-0.054556381955479454,0.20232332769882316
936,-0.41583087657455053,-0.05500879255600912
937,0.0016386112771752466,0.3079075227739225
938,-0.03324221762334211,0.6142607241579718
939,-0.18166553203291133,0.5496289702112531
940,0.21764730030830826,0.46256728234679756
941,0.14442233886106676,0.47284411197716825
942,-0.48053159187842176,0.04323873951093957
943,0.6523992614415424,0.21369806323230334
944,0.47439978697194757,0.4957504811531747
945,-0.7216085707135218,-0.00022590566980608986
946,0.22395231059285287,0.017762887785611234
947,0.19182360568336143,0.04358700616482424
948,0.39156664836235944,0.02877599261120383
949,0.34842279389898845,0.037582917592261296
950,0.2890356601886872,0.3233402966913382
951,0.6366100697369615,0.10031282812964237
952,0.17350053546959915,0.4792493591281984
953,0.27277522197243836,0.017432026108836984
954,-0.16438165997385887,-0.21818618235179027
955,0.10012951594273693,-0.006214947698611269
956,0.08965455294610064,-0.0522199590371124
957,-0.34098344881505593,0.5594783227557878
958,0.2797188727493813,-0.029541238704009817
959,-0.02697932915636827,-0.045604748814600214
960,0.24842422441741302,0.2874894350802317
961,-0.26441705655059133,0.17846896025914322
962,0.08795354064523898,0.329644214498954
963,-0.08669094255270564,0.29724826401361215
964,-0.08993161170159973,0.2863475026464275
965,0.035429862873308265,0.1564883635974958
966,0.06380530804014503,-0.12324913334375123
967,-0.28010023929120276,0.3738071480452336
968,-0.30339992180150815,0.12343214905629364
969,0.4214489160469015,0.26846361037721883
970,0.05480204786528605,0.3831338084313235
971,0.3629531148527358,0.2846230346004169
972,-0.2025280613635725,0.21618222205307427
973,0.05212524958319263,-0.09472234986963335
974,0.1355280639688265,-0.1929244098437074
975,-0.08226305393457273,0.18546753855391745
976,0.08203711954862965,0.32355242936252243
977,-0.13647443581844632,0.15784662046859857
978,-0.07664838250811801,0.22618522993490578
979,0.12531072600236087,0.6161889180467877
980,-0.14938026201444293,0.2818414911970896
981,-0.14052256607557895,0.22544416219860983
982,-0.009864563377177239,0.03518559551636298
983,-0.20877580343817137,0.46898945139462694
984,-0.0738270575677366,0.019535994605195246
985,-0.3418583187490176,0.47045744350908825
986,-0.36675695124903124,0.1383849849560569
987,-0.21489416726287605,-0.08885687418931454
988,-0.17516847080358244,-0.16858077821346867
989,-0.2548266589756147,0.08434995619317882
990,-0.23314573547163892,0.0095076666922143
991,-0.19782037135105587,0.17014645842329976
992,-0.2689573643817758,0.0005009051207915323
993,0.21226994137330985,0.05544412418056019
994,-0.1279587691054776,-0.10095366060037123
995,-0.013337689201053654,0.5744920951013693
996,-0.05729103005973304,0.4721479240823276
997,-0.011119437282325534,0.33047911498889326
998,-0.07947903365952379,0.43347350454479816
999,0.2871353791829876,0.6443047130654641
1000,0.22041281456991477,0.6035569747294754
1001,0.18617654470503459,0.6309019412213739
1002,0.08380980476855691,0.583752289568327
1003,0.354011755311445,0.4567042364817807
1004,0.10070924177070209,0.39456475174091765
1005,0.2665200916205984,0.5797929363227415
1006,0.33244729982134197,0.1219827879121292
1007,-0.01565673307655292,0.13982105330494565
1008,0.5870995688079578,0.25685097761888004
1009,0.5319268465351077,-0.09411470815973035
1010,0.13133110357159697,0.268140233815335
1011,0.20786396231946241,0.33046683062783627
1012,-0.12100080860814803,0.44839492539604053
1013,0.1372694871420694,0.6745823820718382
1014,0.048992835279531764,0.48076885958246546
1015,0.09791981493935355,0.29291074244825666
1016,0.014879606225211816,0.6041831568718632
1017,0.08323845206249014,0.6426775503255451
1018,0.026826711711580114,0.35884569948102374
1019,0.2014645670123732,0.37188735999595757
1020,0.34528886211136917,0.1782436215376208
1021,0.08289921222919389,0.15865265642131865
1022,-0.007066972468369855,0.20774112960469884
1023,-0.036682352111205095,0.30904360455715923
1024,-0.05655136966568668,0.29231791857160966
1025,0.0,0.0
1026,0.14982145624491097,0.5400444995026519
1027,0.0,0.0
1028,0.0,0.0
1029,0.0,0.0
1030,-0.07354703712220362,-0.15489010649983007
1031,-0.15460473878303466,0.5167005050097143
1032,0.23547677891555474,0.2033081090396205
1033,0.03129794579205686,0.5305002886379312
1034,-0.2566693547079928,0.23942356428256573
1035,0.0,0.0
1036,0.1973219772019871,0.26662470701968827
1037,-0.004150215204521254,0.28746553192017377
1038,0.16479058600084948,0.28259251023572635
1039,-0.12695021658014277,0.21508075094044848
1040,-0.08174363604136971,0.3326056593193641
1041,-0.037320205902351224,0.5624877608060362
1042,0.0,0.0
1043,0.17554968529614604,0.04364934416196246
1044,-0.036237125248843226,0.17094302799584493
1045,0.059531544983760995,-0.024160940015585348
1046,0.1021536368612249,0.006032094873733146
1047,0.2691715692944104,0.5305568897442403
1048,0.17911321496693783,0.5652276164050721
1049,0.33666959955482395,0.0035993089993865035
1050,-0.4406815182657641,0.20615656045704292
1051,0.0,0.0
1052,0.03314527661851168,0.5779223351260645
1053,0.037226205429735856,0.20183542954348724
1054,0.11362062631424147,0.1544336133839898
1055,0.6847505654563182,0.23920982426524634
1056,0.0,0.0
1057,0.0,0.0
1058,0.3026639105936553,0.06568062629439403
1059,0.3323806378096918,0.4612183498432226
1060,-0.2929925153509302,0.6105140912381505
1061,0.5010866900537169,0.43234788068411306
1062,0.42561936316821875,0.44390967131662673
1063,0.4919899657161469,0.3779490753128992
1064,0.39429943752129804,0.49884520997465515
1065,0.30568800194032625,0.3879804429811507
1066,-0.05912238548796604,0.40432425010938916
1067,0.0,0.0
1068,0.0,0.0
1069,0.0,0.0
1070,-0.07863458533872841,-0.04683176125349424
1071,0.2687077510277769,0.029657669676643707
1072,0.46612882153096175,0.2964125925333047
1073,0.2166238176171326,0.20170906584669127
1074,0.5098282289229358,0.3423971830093083
1075,0.03929138746584389,0.10353640124652158
1076,0.13026956290942493,0.07409722833981078
1077,0.03167586471034826,0.05030721430953688
1078,-0.001987197136798833,0.02728564370390149
1079,-0.005101505448556281,0.47432301165658614
1080,0.1295545852477272,0.5499328167087728
1081,0.4861025817076065,0.5362824725575958
1082,0.06251112853887898,0.6155140505576603
1083,0.0,0.0
1084,0.13774654420162236,-0.3302092503120811
1085,0.02440207158932518,0.41246513877314817
1086,0.06379303423245182,0.02758263464609051
1087,0.19886627133001028,0.34586878904865376
1088,0.0,0.0
1089,0.3631414948783249,0.45473982341397184
1090,0.16356324139017073,0.20965738703306624
1091,0.18215836853418532,0.3133048494802955
1092,-0.36467649500217186,0.42613862575428935
1093,0.1605795515723612,0.19619496263297942
1094,0.5589745929992113,-0.15124460625612748
1095,-0.12676997168601592,0.06115402750494393
1096,-0.23468703005061117,0.10147741437937949
1097,0.5938062469732509,-0.07917832263625586
1098,-0.28471291299748325,0.20847295777894928
1099,-0.42314411061929386,-0.17399835716640855
1100,0.08408752095565528,0.1475399702321243
1101,-0.10735445363745398,0.0854640533142606
1102,-0.2025904190285797,-0.12971435391618696
1103,-0.028840584849333488,0.6323956842555533
1104,-0.3688808430751166,0.17715854249633065
1105,0.011256544013090876,0.1111450666012949
1106,-0.32224032033262956,0.16198994072781975
1107,-0.586650822407955,0.09600233738023906
1108,0.3998341895217035,0.4164471659612646
1109,0.4063219596353286,-0.06006385115408204
1110,-0.013346275691658652,0.578199114708385
1111,0.49084495646746035,0.14327751760435764
1112,0.4508970592416853,0.21174640784854773
1113,-0.03575409418803609,-0.14031174023670132
1114,-0.3392082471041501,0.15369294444424758
1115,-0.5167702154498284,0.46381562079564154
1116,-0.10864290664085739,0.3885857459763589
1117,-0.22395572793134622,0.033631109385133306
1118,-0.48230561933653177,0.3599579404222323
1119,-0.5982325199851286,-0.07427639379554714
1120,-0.3215936750827704,-0.44212661782643653
1121,-0.24349070397372502,-0.044890599772235286
1122,-0.04079551860512001,-0.6150265967909636
1123,0.6434489197504573,0.0607925107440861
1124,0.2704902172710885,-0.18820009840564011
1125,-0.403315953064496,-0.20633826888123208
1126,-0.27517078308751974,-0.42124927007593427
1127,0.3104000256331431,0.4964144998704171
1128,0.34380229889970887,0.47993698262326595
1129,0.3454505490674534,0.4684587411686912
1130,0.39470207458351997,0.5718455762980873
1131,0.006168024455331481,0.3393907134776911
1132,0.0,0.0
1133,-0.5398536306865889,-0.04705139561043651
1134,0.07607394651682067,0.47101875215598554
1135,0.0,0.0
1136,0.0,0.0
1137,0.0,0.0
1138,0.49523512905301464,0.5715631362016409
1139,-0.425253441631528,0.18790860598594014
1140,-0.542299015282019,-0.08549918726939436
1141,0.11654489023774005,0.7147211365380045
1142,0.0,0.0
1143,0.0,0.0
1144,-0.36934729505147557,0.385726877420751
1145,-0.45113998922853954,0.2886752463453868
1146,-0.3483355167949237,0.4109963262611817
1147,-0.24097557281630544,0.5462602209027705
1148,-0.10032160985832725,0.3687317745487413
1149,-0.13113295776590778,0.5090259744691391
1150,0.0,0.0
1151,0.0,0.0
1152,-0.24781097559763696,0.4177955370281849
1153,0.05272788964983512,-0.058824095424185825
1154,0.08354790257889211,0.42908605793924315
1155,0.0,0.0
1156,0.0,0.0
1157,0.0,0.0
1158,0.0,0.0
1159,-0.02321556470906452,0.7138326268595154
1160,0.37762458631235074,0.580223064590254
1161,0.10781937382885919,0.5983959653468081
1162,-0.10889244842748205,0.5502504017756449
1163,0.6820667556279927,0.3408840958962091
1164,-0.021188583803973496,0.3905629911348379
1165,0.3338809077862509,0.31232297181288593
1166,0.43557617989150155,0.5828748489719714
1167,0.43502617100686064,0.47953901968685464
1168,0.5149314972718203,0.5368768993684256
1169,0.471109423095538,0.4432242882120028
1170,0.27869269492437926,0.46723578799181364
1171,0.4821103575693765,0.2159484337316902
1172,0.35743119409810237,0.5854990142354651
1173,0.11939526623482125,0.651898600582523
1174,-0.20059126875209848,0.5577890567553815
1175,0.19650525578374134,0.5201136851224599
1176,-0.5329463153188152,0.11112184360250175
1177,0.02172443138199642,0.6839808224614962
1178,0.5953568182073151,0.2913376310294927
1179,0.10725337779163707,0.4676773642964909
1180,-0.4345215142522479,0.37046074190968936
1181,0.1624389169761198,0.3909416690978183
1182,-0.10217978653689497,0.16724219217578418
1183,0.06739696187043182,0.18974288935356443
1184,0.0,0.0
1185,0.0,0.0
1186,0.30053518067405544,0.2213014291430075
1187,0.23307992516932052,-0.20276769821431045
1188,-0.06341921345206697,0.20709643597367
1189,0.12446095776669298,-0.22916968012330416
1190,0.18332993519538346,-0.35742066182804855
1191,0.3144520356756429,0.24954462093842478
1192,-0.031592632413774024,-0.27831959969593817
1193,-0.5665284790838437,-0.18754817412570668
1194,0.0,0.0
1195,0.7192607267896021,-0.001548484013035209
1196,0.0,0.0
1197,0.40981769090163706,-0.31127014562505834
1198,-0.17211891750149175,-0.010279288765649021
1199,-0.27088213443795434,-0.5068106352062822
1200,0.38438000311207876,-0.12096016392389666
1201,0.26979577735190763,-0.2340780196189876
1202,0.30495069970955724,-0.0705429364390796
1203,0.6821523466895765,0.06559573938741804
1204,0.41320081864467434,0.021233395794588047
1205,0.5135816994087614,0.05098129301771912
1206,0.25128931105767216,0.3749696240914071
1207,0.47629051261009336,0.005463968461332308
1208,-0.4055081267110417,0.4005736441075736
1209,0.6152507719998973,0.38667111198360066
1210,-0.16667362226925544,0.17730734276098642
1211,0.5264344384288984,0.2384816709559183
1212,0.6571138358611838,-0.013408607701606932
1213,0.6860267475216051,0.22996392936963503
1214,0.24541562492460725,0.4926973622164215
1215,-0.638299599871254,0.36300878988145935
1216,0.40271143424219735,-0.05055238335258565
1217,0.0,0.0
1218,-0.3151511773144973,0.6568227827160367
1219,-0.4222939301167293,0.6104003081385333
1220,-0.2747015818378013,0.6423687216298201
1221,-0.41772160288466076,0.14531544484609846
1222,-0.5129071652624082,-0.025825512579564502
1223,-0.5333616669225597,-0.24231521380173593
1224,0.0,0.0
