src,dest,weight
01.11,01.50,0.9457972217342872
01.11,10.41,0.7505820758944742
01.13,01.19,0.8231916960287842
01.13,01.21,0.7921407843197026
01.13,01.22,0.8253787134636839
01.13,01.23,0.8288264407693184
01.13,01.24,0.8411829609649144
01.13,01.25,0.8882338434474041
01.13,01.26,0.8609527822500963
01.13,01.30,0.8005955873854543
01.13,01.49,0.7609932550548737
01.13,01.50,0.7650988436526212
01.13,02.10,0.8593134462366823
01.13,08.11,0.7924061995842644
01.13,08.93,0.7715156119200273
01.13,10.31,0.7731215879447015
01.13,10.32,0.7812035811812834
01.13,10.39,0.8718925627153744
01.13,10.41,0.8086198028877625
01.13,10.52,0.7571853861613891
01.13,10.61,0.8274154873646239
01.13,10.71,0.7811819650121761
01.13,10.72,0.7811819650121761
01.13,10.84,0.7847185448629554
01.13,10.86,0.7578349161051987
01.13,10.89,0.7577871274093503
01.13,11.05,0.7518755320971189
01.13,11.07,0.7550851753902375
01.13,12.00,0.7568405731438319
01.13,20.41,0.7526961305782136
01.14,01.22,0.7511608270110113
01.14,01.23,0.7574649909108992
01.14,08.93,0.7547053089372375
01.14,10.20,0.7532346871093942
01.14,10.39,0.7729366516439509
01.15,01.22,0.7696840316376011
01.15,01.26,0.803350664196357
01.15,01.27,0.7817611486685472
01.15,10.32,0.7586039050520913
01.15,10.39,0.7990746030750777
01.15,10.81,0.7653855947614696
01.15,10.83,0.7798924542495344
01.15,12.00,0.8816930664081037
01.15,14.12,0.8239338363989366
01.15,14.13,0.7996879463466671
01.15,14.14,0.823071979555179
01.15,14.39,0.8257612736617315
01.15,15.11,0.7805155520296256
01.15,23.51,0.7515860542966657
01.16,13.10,0.9454300368947266
01.19,01.13,0.8231916960287842
01.19,01.25,0.9633474667276856
01.19,02.10,0.9791193966196907
01.21,01.13,0.7921407843197026
01.21,01.23,0.805250320322782
01.21,01.24,0.8390906130094947
01.21,08.11,0.7561450877944262
01.21,10.39,0.7738903739991252
01.22,01.13,0.8253787134636839
01.22,01.14,0.7511608270110113
01.22,01.15,0.7696840316376011
01.22,01.23,0.8171211674092407
01.22,01.25,0.7659415764251915
01.22,01.26,0.8498321979603611
01.22,01.27,0.8109881888652499
01.22,03.11,0.7756130189709394
01.22,03.12,0.7756130189709394
01.22,08.93,0.7545005107832026
01.22,10.20,0.784183228561774
01.22,10.32,0.8106174522698317
01.22,10.39,0.9089638062430303
01.22,10.61,0.7568097896638937
01.22,10.73,0.797141179617887
01.22,10.83,0.8173384194012461
01.22,10.84,0.7776620684205666
01.22,10.85,0.797141179617887
01.22,12.00,0.8116092250264235
01.22,14.14,0.7552543207466786
01.22,14.39,0.7540796796299452
01.22,24.41,0.7967098974305415
01.23,01.13,0.8288264407693184
01.23,01.14,0.7574649909108992
01.23,01.21,0.805250320322782
01.23,01.22,0.8171211674092407
01.23,01.25,0.7661901783327286
01.23,01.26,0.8007539919959907
01.23,08.93,0.7632781675087639
01.23,10.39,0.8286766359005038
01.24,01.13,0.8411829609649144
01.24,01.21,0.8390906130094947
01.24,01.25,0.7873068779845458
01.24,01.26,0.7513746694996162
01.24,01.45,0.7597534197872835
01.24,10.39,0.7883763943392519
01.24,10.52,0.7600623892049765
01.24,11.02,0.7822691215949169
01.25,01.13,0.8882338434474041
01.25,01.19,0.9633474667276856
01.25,01.22,0.7659415764251915
01.25,01.23,0.7661901783327286
01.25,01.24,0.7873068779845458
01.25,02.10,0.9688820104853227
01.25,10.32,0.753690871308941
01.25,10.39,0.7993842143796699
01.25,24.41,0.7781988294302158
01.26,01.13,0.8609527822500963
01.26,01.15,0.803350664196357
01.26,01.22,0.8498321979603611
01.26,01.23,0.8007539919959907
01.26,01.24,0.7513746694996162
01.26,01.30,0.778028619515482
01.26,08.93,0.7742609010409827
01.26,10.32,0.8138550326170151
01.26,10.39,0.8815701863385028
01.26,10.52,0.754011317092896
01.26,10.61,0.7783376972951239
01.26,10.71,0.8389758647398227
01.26,10.72,0.8389758647398227
01.26,10.81,0.7684864396083155
01.26,10.84,0.7844433193659538
01.26,11.05,0.7577000276451658
01.26,11.07,0.7855368281201713
01.26,12.00,0.8155917521136553
01.26,14.12,0.814247108746876
01.26,14.13,0.7929330779847326
01.26,14.14,0.8091697945170532
01.26,14.39,0.783152505659622
01.26,17.21,0.8150820987353591
01.26,22.22,0.8310125106264077
01.26,23.51,0.7928845146397724
01.26,23.52,0.7613531562462215
01.27,01.15,0.7817611486685472
01.27,01.22,0.8109881888652499
01.27,01.28,0.7808300828735197
01.27,02.30,0.784955045449949
01.27,10.83,0.9942741894026073
01.27,12.00,0.7505069180203292
01.27,24.41,0.7637194570881157
01.28,01.27,0.7808300828735197
01.28,03.11,0.7587819528800956
01.28,03.12,0.7587819528800956
01.28,10.20,0.7769058433386199
01.28,10.83,0.7816513354351187
01.28,10.84,0.809860931979357
01.29,02.30,0.8942182133528911
01.30,01.13,0.8005955873854543
01.30,01.26,0.778028619515482
01.30,02.10,0.7516883917233697
01.30,10.52,0.7600401711819519
01.41,01.42,0.99921767262561
01.41,01.49,0.7775590727814595
01.41,01.50,0.8210237160422726
01.41,02.20,0.7661637208202893
01.41,10.13,0.8345671736604593
01.41,10.51,0.7718788674809556
01.41,10.61,0.7574071172889771
01.41,10.71,0.7570539924566324
01.41,10.72,0.7570539924566324
01.41,10.81,0.7506536819323455
01.41,10.86,0.7737698159289175
01.41,11.05,0.8010414423127634
01.41,11.07,0.759476172327039
01.41,16.10,0.7771997040468643
01.41,16.21,0.7980558960526376
01.41,16.22,0.7640915248048004
01.41,16.23,0.7721471511087761
01.41,22.22,0.7560314182002897
01.41,23.61,0.7615453247542073
01.41,25.11,0.754171598256924
01.41,25.92,0.7562457192347544
01.41,35.11,0.8002076902878634
01.42,01.41,0.99921767262561
01.42,01.49,0.7792281713984106
01.42,01.50,0.8225434660620452
01.42,02.20,0.7648641772042
01.42,10.13,0.8335724155811433
01.42,10.51,0.7716175533312473
01.42,10.61,0.7588988034777489
01.42,10.71,0.7572940084615636
01.42,10.72,0.7572940084615636
01.42,10.81,0.752717032378316
01.42,10.86,0.7738017749863167
01.42,11.05,0.8017534401973099
01.42,11.07,0.7608161839550666
01.42,16.10,0.7754621766755752
01.42,16.21,0.7938523115211218
01.42,16.22,0.7610838691156249
01.42,16.23,0.7678852237085213
01.42,22.22,0.7515483332548656
01.42,23.61,0.7571679915690454
01.42,25.92,0.7551241097091264
01.42,35.11,0.8000756770614881
01.43,10.11,0.8189246771456887
01.43,10.51,0.754990605148611
01.43,20.52,0.7607535117217762
01.43,20.59,0.7741002258813916
01.44,01.49,0.7910836944048873
01.44,03.11,0.7738022377453024
01.44,03.12,0.7738022377453024
01.44,03.21,0.9969815972766
01.44,03.22,0.9969815972766
01.45,01.24,0.7597534197872835
01.45,01.50,0.7685797942432825
01.46,08.92,0.7566237547508563
01.46,10.11,0.7697528055445855
01.47,01.49,0.8603026717819573
01.47,10.13,0.7836349555585033
01.47,11.05,0.7756536355759642
01.47,23.69,0.784112960353649
01.47,25.21,0.770712299214783
01.47,25.91,0.7618225198509849
01.47,25.92,0.7778213188348686
01.47,27.33,0.7822644623243379
01.47,58.13,0.7507653510463906
01.47,58.14,0.7507653510463906
01.49,01.13,0.7609932550548737
01.49,01.41,0.7775590727814595
01.49,01.42,0.7792281713984106
01.49,01.44,0.7910836944048873
01.49,01.47,0.8603026717819573
01.49,01.50,0.756329578696072
01.49,02.20,0.7529695370571652
01.49,03.21,0.7728651567143618
01.49,03.22,0.7728651567143618
01.49,08.93,0.7650439415180312
01.49,10.13,0.7807730123866343
01.49,10.31,0.7717462399333788
01.49,10.39,0.7874582148767801
01.49,10.41,0.7611958949940374
01.49,10.52,0.7552609596666272
01.49,10.61,0.7872122519296447
01.49,10.71,0.7745267703399357
01.49,10.72,0.7745267703399357
01.49,10.81,0.7541436146634983
01.49,10.89,0.7507216712772755
01.49,11.05,0.7783594966886103
01.49,12.00,0.7737716576593516
01.49,16.10,0.7519815743594928
01.49,17.21,0.7595834175940266
01.49,22.22,0.759805978475411
01.49,23.52,0.757345931774345
01.49,23.69,0.7686165993276939
01.49,25.91,0.7825361621678312
01.49,25.92,0.7565930777956685
01.50,01.11,0.9457972217342872
01.50,01.13,0.7650988436526212
01.50,01.41,0.8210237160422726
01.50,01.42,0.8225434660620452
01.50,01.45,0.7685797942432825
01.50,01.49,0.756329578696072
01.50,10.41,0.8312149653915549
01.50,10.81,0.7893854587089404
01.50,11.05,0.7547027042207779
01.50,16.10,0.7530607571412034
01.50,20.15,0.7841532132275253
02.10,01.13,0.8593134462366823
02.10,01.19,0.9791193966196907
02.10,01.25,0.9688820104853227
02.10,01.30,0.7516883917233697
02.20,01.41,0.7661637208202893
02.20,01.42,0.7648641772042
02.20,01.49,0.7529695370571652
02.20,16.10,0.9755045940160005
02.20,16.21,0.827359868717694
02.20,16.22,0.7874799725640433
02.20,16.23,0.7679175068188906
02.20,16.29,0.7510648831041997
02.20,20.15,0.7963847975819245
02.20,23.61,0.7524679466295152
02.20,35.11,0.7789855533302071
02.30,01.27,0.784955045449949
02.30,01.29,0.8942182133528911
02.30,03.11,0.7724487398339603
02.30,03.12,0.7724487398339603
02.30,10.83,0.8061093292654026
03.11,01.22,0.7756130189709394
03.11,01.28,0.7587819528800956
03.11,01.44,0.7738022377453024
03.11,02.30,0.7724487398339603
03.11,03.12,1.0
03.11,03.21,0.7796751096053665
03.11,03.22,0.7796751096053665
03.11,08.93,0.770337338107809
03.11,10.20,0.9383823646169505
03.11,10.84,0.8005128017815749
03.11,12.00,0.7563729686024774
03.11,13.94,0.7572646525510071
03.11,14.14,0.7522560693257029
03.12,01.22,0.7756130189709394
03.12,01.28,0.7587819528800956
03.12,01.44,0.7738022377453024
03.12,02.30,0.7724487398339603
03.12,03.11,1.0
03.12,03.21,0.7796751096053665
03.12,03.22,0.7796751096053665
03.12,08.93,0.770337338107809
03.12,10.20,0.9383823646169505
03.12,10.84,0.8005128017815749
03.12,12.00,0.7563729686024774
03.12,13.94,0.7572646525510071
03.12,14.14,0.7522560693257029
03.21,01.44,0.9969815972766
03.21,01.49,0.7728651567143618
03.21,03.11,0.7796751096053665
03.21,03.12,0.7796751096053665
03.21,03.22,0.9999999999999999
03.22,01.44,0.9969815972766
03.22,01.49,0.7728651567143618
03.22,03.11,0.7796751096053665
03.22,03.12,0.7796751096053665
03.22,03.21,0.9999999999999999
05.10,07.10,0.7640469413568041
05.10,24.46,0.767954610731417
06.10,06.20,0.7693599265200999
06.10,19.20,0.7711618034154625
06.20,06.10,0.7693599265200999
06.20,19.20,0.8111233667320905
07.10,05.10,0.7640469413568041
07.10,07.29,0.7725231576334644
07.29,07.10,0.7725231576334644
08.11,01.13,0.7924061995842644
08.11,01.21,0.7561450877944262
08.11,08.91,0.7528114679071873
08.11,10.39,0.8043550866641972
08.11,23.52,0.7919760444261137
08.11,23.70,0.7517514730162611
08.12,10.41,0.7678073003056809
08.12,35.11,0.7663851535418823
08.12,38.11,0.7698274832928869
08.91,08.11,0.7528114679071873
08.92,01.46,0.7566237547508563
08.93,01.13,0.7715156119200273
08.93,01.14,0.7547053089372375
08.93,01.22,0.7545005107832026
08.93,01.23,0.7632781675087639
08.93,01.26,0.7742609010409827
08.93,01.49,0.7650439415180312
08.93,03.11,0.770337338107809
08.93,03.12,0.770337338107809
08.93,10.20,0.7888474434664167
08.93,10.39,0.7628476501868444
08.93,10.84,0.8076847535795005
08.93,12.00,0.7571438944224387
08.99,35.21,0.7602380943754062
10.11,01.43,0.8189246771456887
10.11,01.46,0.7697528055445855
10.11,10.12,0.7583241414996118
10.11,10.51,0.8292261440968336
10.11,10.89,0.7739426158088378
10.11,11.06,0.7682959426347006
10.11,28.30,0.7901492187901193
10.12,10.11,0.7583241414996118
10.12,28.30,0.7600716411091372
10.13,01.41,0.8345671736604593
10.13,01.42,0.8335724155811433
10.13,01.47,0.7836349555585033
10.13,01.49,0.7807730123866343
10.13,10.32,0.7502325090561585
10.13,10.51,0.8690856439089321
10.13,10.52,0.8185900844839515
10.13,10.61,0.8140377815620615
10.13,10.71,0.768492614928626
10.13,10.72,0.768492614928626
10.13,10.86,0.8820480836890237
10.13,10.89,0.8279389994547436
10.13,10.91,0.8235809632727598
10.13,10.92,0.8292520012184306
10.13,11.03,0.7882259831341678
10.13,11.05,0.8650647511836813
10.13,11.07,0.8284561360245175
10.13,16.21,0.8070697182338903
10.13,16.22,0.7950510653044582
10.13,16.23,0.7826685757516469
10.13,17.21,0.7543743007900594
10.13,20.41,0.7835840685073994
10.13,22.22,0.7910328533868025
10.13,23.32,0.7784563473427062
10.13,23.61,0.7822021951276277
10.13,23.69,0.8134521598230169
10.13,25.11,0.810382578407285
10.13,25.12,0.8072882829642549
10.13,25.91,0.8001366287977265
10.13,25.92,0.8011905697106996
10.13,27.33,0.7639290226195974
10.13,31.03,0.7635353954685412
10.13,58.13,0.7518223418982973
10.13,58.14,0.7518223418982973
10.20,01.14,0.7532346871093942
10.20,01.22,0.784183228561774
10.20,01.28,0.7769058433386199
10.20,03.11,0.9383823646169505
10.20,03.12,0.9383823646169505
10.20,08.93,0.7888474434664167
10.20,10.42,0.7561471516789066
10.20,10.84,0.8033219642726246
10.20,13.94,0.804987809504925
10.20,14.14,0.7538179451947211
10.31,01.13,0.7731215879447015
10.31,01.49,0.7717462399333788
10.31,10.39,0.8592468301172592
10.32,01.13,0.7812035811812834
10.32,01.15,0.7586039050520913
10.32,01.22,0.8106174522698317
10.32,01.25,0.753690871308941
10.32,01.26,0.8138550326170151
10.32,10.13,0.7502325090561585
10.32,10.39,0.8814783221684205
10.32,10.42,0.7712534686243456
10.32,10.52,0.7525145796128572
10.32,10.61,0.7855958566317334
10.32,10.71,0.7927819175070684
10.32,10.72,0.7927819175070684
10.32,10.81,0.7573652385448604
10.32,10.84,0.8061163569158416
10.32,11.05,0.7810665063619215
10.32,11.07,0.7746411705070446
10.32,12.00,0.7624352174805664
10.32,20.41,0.7709113384656814
10.32,22.22,0.7868286871101461
10.32,23.51,0.7664457000467264
10.32,23.52,0.7531968179433204
10.32,25.91,0.7701531586034143
10.39,01.13,0.8718925627153744
10.39,01.14,0.7729366516439509
10.39,01.15,0.7990746030750777
10.39,01.21,0.7738903739991252
10.39,01.22,0.9089638062430303
10.39,01.23,0.8286766359005038
10.39,01.24,0.7883763943392519
10.39,01.25,0.7993842143796699
10.39,01.26,0.8815701863385028
10.39,01.49,0.7874582148767801
10.39,08.11,0.8043550866641972
10.39,08.93,0.7628476501868444
10.39,10.31,0.8592468301172592
10.39,10.32,0.8814783221684205
10.39,10.41,0.7772595288923152
10.39,10.42,0.7518781294954466
10.39,10.61,0.8150812446847433
10.39,10.71,0.8118955266857522
10.39,10.72,0.8118955266857522
10.39,10.73,0.7625410651596694
10.39,10.81,0.7523701529892752
10.39,10.84,0.785973510399177
10.39,10.85,0.7625410651596696
10.39,10.86,0.753494679482436
10.39,11.07,0.7566166766340559
10.39,12.00,0.8167059261167986
10.39,14.12,0.7923379825817913
10.39,14.13,0.7712221105960327
10.39,14.14,0.7940687340219942
10.39,14.39,0.7967532848274472
10.39,15.11,0.751086910546015
10.39,17.21,0.7509269074041391
10.39,22.22,0.773408216169447
10.39,23.51,0.7637727042571149
10.39,23.52,0.7930517506083472
10.41,01.11,0.7505820758944742
10.41,01.13,0.8086198028877625
10.41,01.49,0.7611958949940374
10.41,01.50,0.8312149653915549
10.41,08.12,0.7678073003056809
10.41,10.39,0.7772595288923152
10.41,10.81,0.7515771610091315
10.41,20.15,0.7749832686757354
10.42,10.20,0.7561471516789066
10.42,10.32,0.7712534686243456
10.42,10.39,0.7518781294954466
10.42,10.52,0.7521285111724364
10.42,10.61,0.7567025901895017
10.42,10.71,0.7769506280563837
10.42,10.72,0.7769506280563837
10.42,10.84,0.8112104242347781
10.42,10.86,0.7519594914546046
10.42,11.05,0.750502605417247
10.42,16.21,0.7781741596277582
10.42,16.22,0.7678788750400921
10.42,16.23,0.7529929248483211
10.42,17.21,0.7713385935230113
10.42,20.15,0.750883577788971
10.42,23.52,0.770142282599114
10.42,23.69,0.7570245073000098
10.42,25.11,0.7574086456356481
10.42,25.12,0.7510306173803625
10.42,25.91,0.7577948606525327
10.51,01.41,0.7718788674809556
10.51,01.42,0.7716175533312473
10.51,01.43,0.754990605148611
10.51,10.11,0.8292261440968336
10.51,10.13,0.8690856439089321
10.51,10.52,0.7939328935277886
10.51,10.61,0.785890849643673
10.51,10.62,0.7547779808778157
10.51,10.71,0.7669142788260224
10.51,10.72,0.7669142788260224
10.51,10.82,0.7888164679538958
10.51,10.86,0.8304885475550553
10.51,10.89,0.8244917723747226
10.51,10.91,0.7941243942456477
10.51,10.92,0.795234673482879
10.51,11.03,0.7915522182555553
10.51,11.05,0.8131375423376372
10.51,16.21,0.761644288786015
10.51,28.93,0.7718941938610051
10.51,58.13,0.7534446483349029
10.51,58.14,0.7534446483349029
10.52,01.13,0.7571853861613891
10.52,01.24,0.7600623892049765
10.52,01.26,0.754011317092896
10.52,01.30,0.7600401711819519
10.52,01.49,0.7552609596666272
10.52,10.13,0.8185900844839515
10.52,10.32,0.7525145796128572
10.52,10.42,0.7521285111724364
10.52,10.51,0.7939328935277886
10.52,10.61,0.7990128811635853
10.52,10.71,0.8416183419614475
10.52,10.72,0.8416183419614475
10.52,10.82,0.7738376408891665
10.52,10.84,0.7551919463565482
10.52,10.86,0.7864103756455132
10.52,10.89,0.7616981655878513
10.52,10.91,0.7536437791600661
10.52,10.92,0.7567510501160637
10.52,11.03,0.7719138465105556
10.52,11.05,0.8577391729139423
10.52,11.07,0.8367267260715128
10.52,17.21,0.8023558012422722
10.52,20.30,0.7907218180261095
10.52,20.41,0.8776626753548105
10.52,22.21,0.8250598437953607
10.52,22.22,0.8138655342597882
10.52,23.32,0.7997145443534207
10.52,23.52,0.7564389306273809
10.52,23.61,0.7570732705568108
10.52,23.69,0.8230244798422574
10.52,24.33,0.7734939184679859
10.52,25.11,0.7977850348665863
10.52,25.12,0.8027445077740996
10.52,25.29,0.766708053045982
10.52,25.91,0.8257847462472503
10.52,25.92,0.8265735308358442
10.52,35.11,0.7644635429453782
10.52,58.13,0.7892323947155144
10.52,58.14,0.7892323947155144
10.52,58.19,0.8232976519487952
10.61,01.13,0.8274154873646239
10.61,01.22,0.7568097896638937
10.61,01.26,0.7783376972951239
10.61,01.41,0.7574071172889771
10.61,01.42,0.7588988034777489
10.61,01.49,0.7872122519296447
10.61,10.13,0.8140377815620615
10.61,10.32,0.7855958566317334
10.61,10.39,0.8150812446847433
10.61,10.42,0.7567025901895017
10.61,10.51,0.785890849643673
10.61,10.52,0.7990128811635853
10.61,10.71,0.7973803996526502
10.61,10.72,0.7973803996526502
10.61,10.84,0.7857189484263589
10.61,10.86,0.9462168968128624
10.61,10.89,0.9419448855831418
10.61,10.91,0.8161414164377537
10.61,10.92,0.8145614255132043
10.61,11.05,0.8059564493433269
10.61,11.07,0.7838809901981312
10.61,12.00,0.7537129198973282
10.61,20.41,0.8467781978655715
10.61,22.21,0.7865924933415905
10.61,22.22,0.7601022583694982
10.61,23.52,0.7851673566816175
10.61,23.69,0.765745676067769
10.61,25.91,0.7852879297333948
10.61,25.92,0.8196056916609984
10.61,58.19,0.7514468051715157
10.62,10.51,0.7547779808778157
10.62,10.89,0.7610584897758581
10.62,20.52,0.7943794529592692
10.62,28.30,0.8038259813430526
10.71,01.13,0.7811819650121761
10.71,01.26,0.8389758647398227
10.71,01.41,0.7570539924566324
10.71,01.42,0.7572940084615636
10.71,01.49,0.7745267703399357
10.71,10.13,0.768492614928626
10.71,10.32,0.7927819175070684
10.71,10.39,0.8118955266857522
10.71,10.42,0.7769506280563837
10.71,10.51,0.7669142788260224
10.71,10.52,0.8416183419614475
10.71,10.61,0.7973803996526502
10.71,10.72,1.0000000000000002
10.71,10.81,0.7555110119863286
10.71,10.82,0.7963845268576487
10.71,10.84,0.8303466377947935
10.71,10.86,0.754773960810716
10.71,11.05,0.8547141129169673
10.71,11.07,0.8120147878565476
10.71,12.00,0.8003078713242914
10.71,14.12,0.7665590360093
10.71,17.21,0.853955080226322
10.71,20.41,0.8112664832341467
10.71,22.21,0.7861612138391765
10.71,22.22,0.8658235239788714
10.71,23.51,0.7808821040308739
10.71,23.52,0.8049047696006048
10.71,23.69,0.7823377715739076
10.71,25.11,0.7581211163466167
10.71,25.12,0.7617864855820433
10.71,25.29,0.7534475174008366
10.71,25.91,0.8381679991254591
10.71,25.92,0.7986060309553871
10.71,27.32,0.7504986102422576
10.71,35.11,0.7947389044341016
10.71,38.11,0.7726582628614018
10.72,01.13,0.7811819650121761
10.72,01.26,0.8389758647398227
10.72,01.41,0.7570539924566324
10.72,01.42,0.7572940084615636
10.72,01.49,0.7745267703399357
10.72,10.13,0.768492614928626
10.72,10.32,0.7927819175070684
10.72,10.39,0.8118955266857522
10.72,10.42,0.7769506280563837
10.72,10.51,0.7669142788260224
10.72,10.52,0.8416183419614475
10.72,10.61,0.7973803996526502
10.72,10.71,1.0000000000000002
10.72,10.81,0.7555110119863286
10.72,10.82,0.7963845268576487
10.72,10.84,0.8303466377947935
10.72,10.86,0.754773960810716
10.72,11.05,0.8547141129169673
10.72,11.07,0.8120147878565476
10.72,12.00,0.8003078713242914
10.72,14.12,0.7665590360093
10.72,17.21,0.853955080226322
10.72,20.41,0.8112664832341467
10.72,22.21,0.7861612138391765
10.72,22.22,0.8658235239788714
10.72,23.51,0.7808821040308739
10.72,23.52,0.8049047696006048
10.72,23.69,0.7823377715739076
10.72,25.11,0.7581211163466167
10.72,25.12,0.7617864855820433
10.72,25.29,0.7534475174008366
10.72,25.91,0.8381679991254591
10.72,25.92,0.7986060309553871
10.72,27.32,0.7504986102422576
10.72,35.11,0.7947389044341016
10.72,38.11,0.7726582628614018
10.73,01.22,0.797141179617887
10.73,10.39,0.7625410651596694
10.73,10.85,0.9999999999999998
10.81,01.15,0.7653855947614696
10.81,01.26,0.7684864396083155
10.81,01.41,0.7506536819323455
10.81,01.42,0.752717032378316
10.81,01.49,0.7541436146634983
10.81,01.50,0.7893854587089404
10.81,10.32,0.7573652385448604
10.81,10.39,0.7523701529892752
10.81,10.41,0.7515771610091315
10.81,10.71,0.7555110119863286
10.81,10.72,0.7555110119863286
10.81,11.05,0.7964739487226251
10.81,11.07,0.775170533576333
10.81,12.00,0.757223280794098
10.81,22.22,0.7612582492460611
10.81,23.51,0.7566793365557922
10.81,35.11,0.7937929259361798
10.82,10.51,0.7888164679538958
10.82,10.52,0.7738376408891665
10.82,10.71,0.7963845268576487
10.82,10.72,0.7963845268576487
10.82,10.86,0.759515014782306
10.82,10.89,0.7570569829637144
10.82,11.05,0.7641257618207236
10.82,23.52,0.7566236229638588
10.83,01.15,0.7798924542495344
10.83,01.22,0.8173384194012461
10.83,01.27,0.9942741894026073
10.83,01.28,0.7816513354351187
10.83,02.30,0.8061093292654026
10.83,12.00,0.7676024779896553
10.83,24.41,0.760537929663772
10.84,01.13,0.7847185448629554
10.84,01.22,0.7776620684205666
10.84,01.26,0.7844433193659538
10.84,01.28,0.809860931979357
10.84,03.11,0.8005128017815749
10.84,03.12,0.8005128017815749
10.84,08.93,0.8076847535795005
10.84,10.20,0.8033219642726246
10.84,10.32,0.8061163569158416
10.84,10.39,0.785973510399177
10.84,10.42,0.8112104242347781
10.84,10.52,0.7551919463565482
10.84,10.61,0.7857189484263589
10.84,10.71,0.8303466377947935
10.84,10.72,0.8303466377947935
10.84,10.86,0.7530956257140264
10.84,11.05,0.8203197206629147
10.84,11.07,0.8018988900869748
10.84,12.00,0.7825961793946952
10.84,17.21,0.819760027638802
10.84,22.22,0.784426412187899
10.84,23.51,0.7792616412521286
10.84,23.52,0.7844825496809955
10.84,25.91,0.7763038371813951
10.84,38.11,0.7502346925100387
10.85,01.22,0.797141179617887
10.85,10.39,0.7625410651596696
10.85,10.73,0.9999999999999998
10.86,01.13,0.7578349161051987
10.86,01.41,0.7737698159289175
10.86,01.42,0.7738017749863167
10.86,10.13,0.8820480836890237
10.86,10.39,0.753494679482436
10.86,10.42,0.7519594914546046
10.86,10.51,0.8304885475550553
10.86,10.52,0.7864103756455132
10.86,10.61,0.9462168968128624
10.86,10.71,0.754773960810716
10.86,10.72,0.754773960810716
10.86,10.82,0.759515014782306
10.86,10.84,0.7530956257140264
10.86,10.89,0.9777077944154536
10.86,10.91,0.8212451377934407
10.86,10.92,0.8226431777503596
10.86,11.05,0.8114591446721631
10.86,11.07,0.7928209549801384
10.86,16.21,0.7637130000101788
10.86,20.41,0.7927557885524745
10.86,22.21,0.7545961682067461
10.86,23.69,0.7711685179650213
10.86,25.91,0.766128653848531
10.86,25.92,0.7912073410911584
10.89,01.13,0.7577871274093503
10.89,01.49,0.7507216712772755
10.89,10.11,0.7739426158088378
10.89,10.13,0.8279389994547436
10.89,10.51,0.8244917723747226
10.89,10.52,0.7616981655878513
10.89,10.61,0.9419448855831418
10.89,10.62,0.7610584897758581
10.89,10.82,0.7570569829637144
10.89,10.86,0.9777077944154536
10.89,10.91,0.8165949376977559
10.89,10.92,0.8165191635725983
10.89,11.05,0.7714689966818955
10.89,20.41,0.7867118806819944
10.89,23.69,0.7560625893537445
10.89,25.92,0.7797233403629857
10.91,10.13,0.8235809632727598
10.91,10.51,0.7941243942456477
10.91,10.52,0.7536437791600661
10.91,10.61,0.8161414164377537
10.91,10.86,0.8212451377934407
10.91,10.89,0.8165949376977559
10.91,10.92,0.9991289689958749
10.91,11.05,0.8214610509844908
10.91,20.41,0.7745656389356772
10.91,25.91,0.7808272555137525
10.91,25.92,0.824664625642826
10.91,58.19,0.7658067195493818
10.92,10.13,0.8292520012184306
10.92,10.51,0.795234673482879
10.92,10.52,0.7567510501160637
10.92,10.61,0.8145614255132043
10.92,10.86,0.8226431777503596
10.92,10.89,0.8165191635725983
10.92,10.91,0.9991289689958749
10.92,11.05,0.8236879649859575
10.92,20.41,0.7746138373055992
10.92,25.91,0.7829518566422381
10.92,25.92,0.8264222937536765
10.92,58.19,0.7696441475985647
11.02,01.24,0.7822691215949169
11.02,11.04,0.8173517724412087
11.03,10.13,0.7882259831341678
11.03,10.51,0.7915522182555553
11.03,10.52,0.7719138465105556
11.03,11.05,0.7603840101315378
11.04,11.02,0.8173517724412087
11.05,01.13,0.7518755320971189
11.05,01.26,0.7577000276451658
11.05,01.41,0.8010414423127634
11.05,01.42,0.8017534401973099
11.05,01.47,0.7756536355759642
11.05,01.49,0.7783594966886103
11.05,01.50,0.7547027042207779
11.05,10.13,0.8650647511836813
11.05,10.32,0.7810665063619215
11.05,10.42,0.750502605417247
11.05,10.51,0.8131375423376372
11.05,10.52,0.8577391729139423
11.05,10.61,0.8059564493433269
11.05,10.71,0.8547141129169673
11.05,10.72,0.8547141129169673
11.05,10.81,0.7964739487226251
11.05,10.82,0.7641257618207236
11.05,10.84,0.8203197206629147
11.05,10.86,0.8114591446721631
11.05,10.89,0.7714689966818955
11.05,10.91,0.8214610509844908
11.05,10.92,0.8236879649859575
11.05,11.03,0.7603840101315378
11.05,11.07,0.9190015264068891
11.05,12.00,0.7613064361508539
11.05,16.21,0.7626878681158819
11.05,16.22,0.7534403742457247
11.05,17.21,0.8232928691840566
11.05,20.30,0.7751409516584056
11.05,20.41,0.8061205902971713
11.05,22.21,0.7547234494987557
11.05,22.22,0.8362011385046575
11.05,23.51,0.7697561117706492
11.05,23.52,0.7607530245860417
11.05,23.69,0.7796034367346956
11.05,25.11,0.769530384224354
11.05,25.12,0.77073976392636
11.05,25.91,0.8132329320481286
11.05,25.92,0.8102234671595125
11.05,35.11,0.8429950074588066
11.05,38.11,0.7955012652755378
11.05,58.13,0.7572218526078852
11.05,58.14,0.7572218526078852
11.05,58.19,0.7855550973042038
11.06,10.11,0.7682959426347006
11.06,28.30,0.7791365739649003
11.06,29.20,0.7596780505274753
11.07,01.13,0.7550851753902375
11.07,01.26,0.7855368281201713
11.07,01.41,0.759476172327039
11.07,01.42,0.7608161839550666
11.07,10.13,0.8284561360245175
11.07,10.32,0.7746411705070446
11.07,10.39,0.7566166766340559
11.07,10.52,0.8367267260715128
11.07,10.61,0.7838809901981312
11.07,10.71,0.8120147878565476
11.07,10.72,0.8120147878565476
11.07,10.81,0.775170533576333
11.07,10.84,0.8018988900869748
11.07,10.86,0.7928209549801384
11.07,11.05,0.9190015264068891
11.07,16.22,0.7569214490638625
11.07,16.23,0.7575522745175101
11.07,17.21,0.8091622362959054
11.07,20.41,0.784803325582591
11.07,22.21,0.7577189254194733
11.07,22.22,0.8099460424507191
11.07,23.51,0.8058666435778046
11.07,23.52,0.7733172203454595
11.07,23.61,0.7662728604588
11.07,23.69,0.7780086629422553
11.07,25.11,0.8009913112608862
11.07,25.12,0.800156809650794
11.07,25.91,0.7953157760326847
11.07,25.92,0.7644957925310516
11.07,35.11,0.8037528224544288
12.00,01.13,0.7568405731438319
12.00,01.15,0.8816930664081037
12.00,01.22,0.8116092250264235
12.00,01.26,0.8155917521136553
12.00,01.27,0.7505069180203292
12.00,01.49,0.7737716576593516
12.00,03.11,0.7563729686024774
12.00,03.12,0.7563729686024774
12.00,08.93,0.7571438944224387
12.00,10.32,0.7624352174805664
12.00,10.39,0.8167059261167986
12.00,10.61,0.7537129198973282
12.00,10.71,0.8003078713242914
12.00,10.72,0.8003078713242914
12.00,10.81,0.757223280794098
12.00,10.83,0.7676024779896553
12.00,10.84,0.7825961793946952
12.00,11.05,0.7613064361508539
12.00,14.12,0.7983001740346823
12.00,14.13,0.7764291194334183
12.00,14.14,0.7943266600367269
12.00,14.39,0.7733693717748735
12.00,17.21,0.7830341179245005
12.00,23.51,0.7537050697643
12.00,23.52,0.7765589921211111
13.10,01.16,0.9454300368947266
13.20,13.96,0.7632464664044303
13.20,23.41,0.7546808864894614
13.20,25.99,0.8035673031843706
13.92,13.94,0.7583997510081342
13.92,14.11,0.7839537933703876
13.92,14.12,0.8276383092484237
13.92,14.13,0.8586154409068947
13.92,14.14,0.831263032613321
13.92,14.19,0.8343905462961909
13.92,14.31,0.8174434400147508
13.92,14.39,0.7901786017827412
13.92,15.20,0.8082450403552628
13.92,31.01,0.7611862268528261
13.92,31.02,0.7611862268528261
13.92,31.03,0.8300574246216847
13.92,31.09,0.7645465833732354
13.92,32.30,0.8315263170158653
13.94,03.11,0.7572646525510071
13.94,03.12,0.7572646525510071
13.94,10.20,0.804987809504925
13.94,13.92,0.7583997510081342
13.94,14.12,0.7850474899799864
13.94,14.13,0.7824790373644157
13.94,14.14,0.8105051080822958
13.94,14.39,0.7656324147349602
13.94,31.03,0.7568904541983053
13.96,13.20,0.7632464664044303
13.96,25.93,0.7623324777846507
14.11,13.92,0.7839537933703876
14.11,14.12,0.8036154522439657
14.11,14.13,0.8235801511919405
14.11,14.14,0.8206741433977707
14.11,14.19,0.9290449173868551
14.11,14.39,0.7906291527021168
14.11,15.20,0.8292972241090011
14.11,32.30,0.8593993841586105
14.11,32.99,0.8303833419016206
14.12,01.15,0.8239338363989366
14.12,01.26,0.814247108746876
14.12,10.39,0.7923379825817913
14.12,10.71,0.7665590360093
14.12,10.72,0.7665590360093
14.12,12.00,0.7983001740346823
14.12,13.92,0.8276383092484237
14.12,13.94,0.7850474899799864
14.12,14.11,0.8036154522439657
14.12,14.13,0.9885600604539914
14.12,14.14,0.9813539931002409
14.12,14.19,0.9098977219635386
14.12,14.31,0.8385295628702976
14.12,14.39,0.9565934873177144
14.12,15.20,0.8324131181383061
14.12,17.21,0.8182548409613946
14.12,22.22,0.7657207909717245
14.12,23.51,0.7669154595480189
14.12,27.31,0.7966196353020687
14.12,27.32,0.8081420607144665
14.12,32.30,0.8352157846034859
14.13,01.15,0.7996879463466671
14.13,01.26,0.7929330779847326
14.13,10.39,0.7712221105960327
14.13,12.00,0.7764291194334183
14.13,13.92,0.8586154409068947
14.13,13.94,0.7824790373644157
14.13,14.11,0.8235801511919405
14.13,14.12,0.9885600604539914
14.13,14.14,0.9836321533704528
14.13,14.19,0.9164091334898816
14.13,14.31,0.8486511644711602
14.13,14.39,0.9584450187385566
14.13,15.20,0.8564401886428243
14.13,17.21,0.7754938313751365
14.13,27.31,0.7822858640631438
14.13,27.32,0.7916207771368089
14.13,32.30,0.8579208099167238
14.14,01.15,0.823071979555179
14.14,01.22,0.7552543207466786
14.14,01.26,0.8091697945170532
14.14,03.11,0.7522560693257029
14.14,03.12,0.7522560693257029
14.14,10.20,0.7538179451947211
14.14,10.39,0.7940687340219942
14.14,12.00,0.7943266600367269
14.14,13.92,0.831263032613321
14.14,13.94,0.8105051080822958
14.14,14.11,0.8206741433977707
14.14,14.12,0.9813539931002409
14.14,14.13,0.9836321533704528
14.14,14.19,0.9164891956571015
14.14,14.31,0.8244064275294745
14.14,14.39,0.971858976176267
14.14,15.20,0.8321256512107067
14.14,17.21,0.7761667479519148
14.14,23.51,0.7500525278239983
14.14,27.31,0.7762357391913883
14.14,27.32,0.7840239866671416
14.14,32.30,0.8347552282383663
14.19,13.92,0.8343905462961909
14.19,14.11,0.9290449173868551
14.19,14.12,0.9098977219635386
14.19,14.13,0.9164091334898816
14.19,14.14,0.9164891956571015
14.19,14.31,0.7745647168656931
14.19,14.39,0.8988799200955008
14.19,15.20,0.8617364528701194
14.19,32.30,0.8825410401142402
14.19,32.99,0.7648648216532006
14.31,13.92,0.8174434400147508
14.31,14.12,0.8385295628702976
14.31,14.13,0.8486511644711602
14.31,14.14,0.8244064275294745
14.31,14.19,0.7745647168656931
14.31,14.39,0.786283271882037
14.31,15.20,0.7602389032964969
14.31,25.11,0.7715776667774268
14.31,25.12,0.7764563192247887
14.31,27.31,0.7558080162888761
14.31,27.32,0.7723898651222765
14.31,27.33,0.7547115212471318
14.31,27.52,0.7696675821406389
14.31,31.01,0.8557144760105415
14.31,31.02,0.8557144760105415
14.31,31.03,0.8117808573870366
14.31,31.09,0.8413348508642826
14.31,32.30,0.7722563976974655
14.39,01.15,0.8257612736617315
14.39,01.22,0.7540796796299452
14.39,01.26,0.783152505659622
14.39,10.39,0.7967532848274472
14.39,12.00,0.7733693717748735
14.39,13.92,0.7901786017827412
14.39,13.94,0.7656324147349602
14.39,14.11,0.7906291527021168
14.39,14.12,0.9565934873177144
14.39,14.13,0.9584450187385566
14.39,14.14,0.971858976176267
14.39,14.19,0.8988799200955008
14.39,14.31,0.786283271882037
14.39,15.20,0.8222032626853077
14.39,17.21,0.7627037848083169
14.39,27.31,0.7841719017510095
14.39,27.32,0.7906231258681818
14.39,32.30,0.8260566515364905
15.11,01.15,0.7805155520296256
15.11,10.39,0.751086910546015
15.12,26.52,0.7506526547154874
15.12,32.13,0.751397890145302
15.12,32.99,0.7956325108660923
15.20,13.92,0.8082450403552628
15.20,14.11,0.8292972241090011
15.20,14.12,0.8324131181383061
15.20,14.13,0.8564401886428243
15.20,14.14,0.8321256512107067
15.20,14.19,0.8617364528701194
15.20,14.31,0.7602389032964969
15.20,14.39,0.8222032626853077
15.20,32.30,0.9542502570216969
16.10,01.41,0.7771997040468643
16.10,01.42,0.7754621766755752
16.10,01.49,0.7519815743594928
16.10,01.50,0.7530607571412034
16.10,02.20,0.9755045940160005
16.10,16.21,0.8571448428545494
16.10,16.22,0.8092027243511146
16.10,16.23,0.784910711402221
16.10,20.15,0.820843564187604
16.10,23.61,0.7599435433192441
16.10,35.11,0.8033653149872766
16.21,01.41,0.7980558960526376
16.21,01.42,0.7938523115211218
16.21,02.20,0.827359868717694
16.21,10.13,0.8070697182338903
16.21,10.42,0.7781741596277582
16.21,10.51,0.761644288786015
16.21,10.86,0.7637130000101788
16.21,11.05,0.7626878681158819
16.21,16.10,0.8571448428545494
16.21,16.22,0.8806355834855323
16.21,16.23,0.8284700725698387
16.21,20.15,0.7667645217214978
16.21,23.52,0.7547058909029141
16.21,23.61,0.8003053447766788
16.21,23.69,0.8305846982273013
16.21,24.33,0.7516531977224659
16.21,25.11,0.8351349517411892
16.21,25.12,0.8317875183277121
16.21,27.33,0.8031102970806863
16.21,27.52,0.7612554477945774
16.21,31.01,0.7794681486338859
16.21,31.02,0.7794681486338859
16.21,35.11,0.7624821254979903
16.22,01.41,0.7640915248048004
16.22,01.42,0.7610838691156249
16.22,02.20,0.7874799725640433
16.22,10.13,0.7950510653044582
16.22,10.42,0.7678788750400921
16.22,11.05,0.7534403742457247
16.22,11.07,0.7569214490638625
16.22,16.10,0.8092027243511146
16.22,16.21,0.8806355834855323
16.22,16.23,0.9147318798819724
16.22,17.21,0.7700892489892195
16.22,23.61,0.8577332618561538
16.22,23.69,0.8456178920883983
16.22,24.33,0.820317450266798
16.22,25.11,0.9151036263503175
16.22,25.12,0.9120379518187481
16.22,25.21,0.780078803023398
16.22,25.91,0.7784733294638586
16.22,25.92,0.778041211623721
16.22,27.31,0.7693165220167366
16.22,27.32,0.7775819077434195
16.22,27.33,0.8631564311486013
16.22,27.52,0.7870099090217879
16.22,29.20,0.7837491702845845
16.22,30.99,0.8171225322222876
16.22,31.01,0.8537655805148452
16.22,31.02,0.8537655805148452
16.22,31.09,0.8073514942512441
16.22,35.11,0.7611242607537227
16.23,01.41,0.7721471511087761
16.23,01.42,0.7678852237085213
16.23,02.20,0.7679175068188906
16.23,10.13,0.7826685757516469
16.23,10.42,0.7529929248483211
16.23,11.07,0.7575522745175101
16.23,16.10,0.784910711402221
16.23,16.21,0.8284700725698387
16.23,16.22,0.9147318798819724
16.23,17.21,0.7988160447429048
16.23,23.61,0.9813339508020834
16.23,23.69,0.8294699872474303
16.23,24.33,0.8009693014248573
16.23,25.11,0.9390086074628103
16.23,25.12,0.8956591536984765
16.23,25.29,0.7638619746329962
16.23,25.91,0.7793260603192369
16.23,25.92,0.7575522705019202
16.23,27.31,0.7723450003318287
16.23,27.32,0.7871889230530696
16.23,27.33,0.8083423427434043
16.23,29.20,0.7614817060258294
16.23,30.99,0.8126367227122224
16.23,31.01,0.8028340372709517
16.23,31.02,0.8028340372709517
16.23,31.09,0.7636737907012817
16.23,35.11,0.7543292834199329
16.29,02.20,0.7510648831041997
17.12,20.16,0.7630197758088644
17.12,23.91,0.7510009864882088
17.12,24.10,0.7514416559594979
17.12,24.32,0.8342854262564159
17.12,28.15,0.7575946297304145
17.12,28.30,0.778123290067906
17.12,28.92,0.7929768609031738
17.21,01.26,0.8150820987353591
17.21,01.49,0.7595834175940266
17.21,10.13,0.7543743007900594
17.21,10.39,0.7509269074041391
17.21,10.42,0.7713385935230113
17.21,10.52,0.8023558012422722
17.21,10.71,0.853955080226322
17.21,10.72,0.853955080226322
17.21,10.84,0.819760027638802
17.21,11.05,0.8232928691840566
17.21,11.07,0.8091622362959054
17.21,12.00,0.7830341179245005
17.21,14.12,0.8182548409613946
17.21,14.13,0.7754938313751365
17.21,14.14,0.7761667479519148
17.21,14.39,0.7627037848083169
17.21,16.22,0.7700892489892195
17.21,16.23,0.7988160447429048
17.21,20.41,0.7837591903262999
17.21,22.21,0.76844638693143
17.21,22.22,0.8451716812581068
17.21,23.51,0.7778332256773139
17.21,23.61,0.8121667142907532
17.21,23.69,0.7965325501487712
17.21,25.11,0.8194720618828928
17.21,25.12,0.8084043771426405
17.21,25.29,0.7732519193369467
17.21,25.91,0.863287161291351
17.21,25.92,0.7885789062181126
17.21,27.31,0.7642863513452826
17.21,27.32,0.7842919292989903
17.21,35.11,0.7725990410143397
17.21,58.19,0.7841712878455754
17.22,17.23,0.9045872512810123
17.22,17.29,0.833143321636447
17.23,17.22,0.9045872512810123
17.23,17.29,0.8161007108307103
17.23,25.11,0.7531065006672553
17.29,17.22,0.833143321636447
17.29,17.23,0.8161007108307103
17.29,58.19,0.7654046439782131
18.13,20.59,0.7829171179526476
18.13,26.51,0.7642330984300738
18.13,26.60,0.7666461151700135
18.13,28.12,0.7948053310771866
18.13,28.13,0.767439077258553
18.13,28.14,0.7911383362464346
18.13,28.29,0.7809496354830564
18.13,28.41,0.8197784138906618
18.13,28.94,0.8089873481861798
18.13,28.95,0.763820385293358
18.13,28.99,0.8474402609899494
19.10,24.10,0.7734956989324357
19.20,06.10,0.7711618034154625
19.20,06.20,0.8111233667320905
19.20,20.15,0.7743829988565303
19.20,38.12,0.9812233407451864
20.12,20.14,0.7521024664427072
20.13,24.45,0.802454553774092
20.13,24.46,0.9645841255189616
20.13,30.30,0.784820421221117
20.14,20.12,0.7521024664427072
20.14,20.16,0.7987054721092965
20.14,20.59,0.784173498551597
20.15,01.50,0.7841532132275253
20.15,02.20,0.7963847975819245
20.15,10.41,0.7749832686757354
20.15,10.42,0.750883577788971
20.15,16.10,0.820843564187604
20.15,16.21,0.7667645217214978
20.15,19.20,0.7743829988565303
20.15,38.12,0.7559625636361285
20.16,17.12,0.7630197758088644
20.16,20.14,0.7987054721092965
20.16,20.59,0.7701296050652143
20.16,24.32,0.7659273518147232
20.17,20.59,0.7991093703010381
20.17,28.11,0.7533090226661023
20.17,28.13,0.7840319581859395
20.30,10.52,0.7907218180261095
20.30,11.05,0.7751409516584056
20.30,20.41,0.8009818665417657
20.30,20.42,0.7597754448724172
20.30,22.21,0.8470245631349005
20.30,25.91,0.7783170043101093
20.30,25.92,0.783972831656822
20.30,58.13,0.8129871472126778
20.30,58.14,0.8129871472126778
20.30,58.19,0.8604713049870176
20.41,01.13,0.7526961305782136
20.41,10.13,0.7835840685073994
20.41,10.32,0.7709113384656814
20.41,10.52,0.8776626753548105
20.41,10.61,0.8467781978655715
20.41,10.71,0.8112664832341467
20.41,10.72,0.8112664832341467
20.41,10.86,0.7927557885524745
20.41,10.89,0.7867118806819944
20.41,10.91,0.7745656389356772
20.41,10.92,0.7746138373055992
20.41,11.05,0.8061205902971713
20.41,11.07,0.784803325582591
20.41,17.21,0.7837591903262999
20.41,20.30,0.8009818665417657
20.41,22.21,0.8553064129440411
20.41,22.22,0.7973915416755839
20.41,23.32,0.7773456981893099
20.41,23.69,0.7706546730928914
20.41,24.33,0.7711997423465089
20.41,25.11,0.7817526213562287
20.41,25.12,0.7827461680433359
20.41,25.29,0.8407137474232997
20.41,25.91,0.8408707746690953
20.41,25.92,0.8682335391536318
20.41,58.11,0.7541598383170675
20.41,58.13,0.7551565894797991
20.41,58.14,0.7551565894797991
20.41,58.19,0.8313458428467791
20.42,20.30,0.7597754448724172
20.52,01.43,0.7607535117217762
20.52,10.62,0.7943794529592692
20.52,20.59,0.7592262195628962
20.52,28.22,0.7577295194883075
20.52,28.30,0.7681138351363804
20.59,01.43,0.7741002258813916
20.59,18.13,0.7829171179526476
20.59,20.14,0.784173498551597
20.59,20.16,0.7701296050652143
20.59,20.17,0.7991093703010381
20.59,20.52,0.7592262195628962
20.59,21.10,0.7643696044310839
20.59,21.20,0.7565197540430035
20.59,24.45,0.8279275334190386
20.59,26.20,0.7637740677712639
20.59,26.51,0.8013186628438975
20.59,26.60,0.8437177602626603
20.59,26.80,0.7637740677712639
20.59,28.11,0.7701483208404019
20.59,28.22,0.8821975958679111
20.59,28.29,0.7541044428638264
20.59,28.30,0.7835024626905234
20.59,28.99,0.7597705152379128
20.59,30.30,0.76286418787683
20.59,58.29,0.7637740677712639
20.59,59.11,0.763807818799129
20.59,59.20,0.7641712247461626
21.10,20.59,0.7643696044310839
21.10,21.20,0.9965592818100797
21.10,26.60,0.770681119234327
21.20,20.59,0.7565197540430035
21.20,21.10,0.9965592818100797
21.20,26.60,0.7641518256586668
22.11,22.19,0.7615213666100704
22.19,22.11,0.7615213666100704
22.19,23.12,0.7545490610018086
22.19,23.20,0.7740827246228437
22.19,23.43,0.768929952441523
22.19,23.91,0.7814605510564413
22.19,24.20,0.7804766210671936
22.19,24.31,0.7502420392433056
22.19,25.21,0.7632168881426518
22.19,25.72,0.8015703789214106
22.19,25.93,0.7622329004612857
22.19,25.94,0.7514537960163753
22.19,27.11,0.7900102407259058
22.19,27.33,0.7573167410350132
22.19,27.40,0.7606848489494353
22.19,27.51,0.8354580601716571
22.19,28.13,0.815562810396983
22.19,28.15,0.8088152717336186
22.19,28.25,0.8381068085613643
22.19,29.10,0.7989778949991088
22.19,29.31,0.802217358454878
22.19,29.32,0.921153697057528
22.19,30.20,0.7731387040123661
22.19,30.92,0.8224633722269366
22.21,10.52,0.8250598437953607
22.21,10.61,0.7865924933415905
22.21,10.71,0.7861612138391765
22.21,10.72,0.7861612138391765
22.21,10.86,0.7545961682067461
22.21,11.05,0.7547234494987557
22.21,11.07,0.7577189254194733
22.21,17.21,0.76844638693143
22.21,20.30,0.8470245631349005
22.21,20.41,0.8553064129440411
22.21,22.22,0.786981135587193
22.21,23.61,0.7744243508858197
22.21,23.69,0.8223954173560117
22.21,24.33,0.795659809831244
22.21,25.11,0.8135157509681039
22.21,25.12,0.8143087536128366
22.21,25.29,0.8176271436710244
22.21,25.91,0.8213606724190606
22.21,25.92,0.8082338168252835
22.21,58.11,0.7503996373884008
22.21,58.19,0.8046535504530422
22.22,01.26,0.8310125106264077
22.22,01.41,0.7560314182002897
22.22,01.42,0.7515483332548656
22.22,01.49,0.759805978475411
22.22,10.13,0.7910328533868025
22.22,10.32,0.7868286871101461
22.22,10.39,0.773408216169447
22.22,10.52,0.8138655342597882
22.22,10.61,0.7601022583694982
22.22,10.71,0.8658235239788714
22.22,10.72,0.8658235239788714
22.22,10.81,0.7612582492460611
22.22,10.84,0.784426412187899
22.22,11.05,0.8362011385046575
22.22,11.07,0.8099460424507191
22.22,14.12,0.7657207909717245
22.22,17.21,0.8451716812581068
22.22,20.41,0.7973915416755839
22.22,22.21,0.786981135587193
22.22,23.51,0.7835819889059559
22.22,23.52,0.7750594240439828
22.22,23.61,0.7531508615329423
22.22,23.69,0.8058163749832312
22.22,25.11,0.7764782001152983
22.22,25.12,0.778657207072983
22.22,25.29,0.7661448680595221
22.22,25.91,0.7987029895620541
22.22,25.92,0.7771380910862641
22.22,35.11,0.7682458924939911
22.22,58.19,0.7558908279740428
22.23,24.33,0.7709715957701131
22.23,25.11,0.7965160892864135
22.23,25.12,0.8113755532747746
22.23,27.33,0.834748895411775
22.23,27.51,0.791613092070319
22.23,28.25,0.7684500881567798
22.23,31.01,0.7659715597905623
22.23,31.02,0.7659715597905623
22.29,23.19,0.7918627298409389
22.29,27.40,0.8609692331161329
23.12,22.19,0.7545490610018086
23.12,23.20,0.8052829261192305
23.12,25.72,0.7673519937145865
23.12,27.40,0.8252036003465861
23.12,27.51,0.7922981618977973
23.12,27.52,0.7524456826286637
23.12,28.25,0.7699336430302294
23.12,29.20,0.7582982075486102
23.12,29.32,0.8004201570937375
23.12,30.92,0.7585858371683729
23.13,23.19,0.7974913976063432
23.13,27.33,0.7547844305651922
23.13,27.52,0.7600035050520508
23.14,29.20,0.7664544844257586
23.19,22.29,0.7918627298409389
23.19,23.13,0.7974913976063432
23.19,27.40,0.7810433050249819
23.20,22.19,0.7740827246228437
23.20,23.12,0.8052829261192305
23.20,23.91,0.7547568748148925
23.20,24.20,0.7796325648460227
23.20,24.31,0.8002452732351821
23.20,24.32,0.7763590691811159
23.20,24.51,0.782403972748998
23.20,25.72,0.7749294753750516
23.20,25.94,0.780718554130289
23.20,27.40,0.8003677114909395
23.20,27.51,0.752096359009178
23.20,28.13,0.7562852036690365
23.20,28.15,0.8264800552693403
23.20,28.21,0.7559412507931043
23.20,29.10,0.7582089996752033
23.20,29.32,0.8129099163793232
23.20,30.20,0.8407480010306305
23.20,30.92,0.7847774005208885
23.32,10.13,0.7784563473427062
23.32,10.52,0.7997145443534207
23.32,20.41,0.7773456981893099
23.32,23.69,0.756575805743737
23.32,25.21,0.7620085100795626
23.32,25.92,0.776933467300599
23.32,28.93,0.7809501382255295
23.32,58.13,0.81263150927612
23.32,58.14,0.81263150927612
23.41,13.20,0.7546808864894614
23.42,25.11,0.7837886320233839
23.42,25.12,0.7864283415864669
23.42,27.31,0.8434697094725843
23.42,27.32,0.8521021167962439
23.42,27.52,0.7627132268796457
23.42,27.90,0.7666868012669428
23.42,29.31,0.79566654374487
23.42,31.01,0.7609220885775856
23.42,31.02,0.7609220885775856
23.42,31.09,0.7597212423242463
23.43,22.19,0.768929952441523
23.43,23.91,0.826485922080072
23.43,25.72,0.7781356456760785
23.43,25.94,0.7651614140068959
23.43,27.11,0.7724766903608048
23.43,27.33,0.7924715368795412
23.43,27.40,0.8084895208847878
23.43,27.51,0.7965127846468866
23.43,28.13,0.7861990414251432
23.43,28.15,0.8050578507843517
23.43,28.25,0.806130748247182
23.43,29.32,0.8211008631000916
23.43,30.92,0.8433253547734216
23.44,28.49,0.7646056736151035
23.49,28.23,0.7753699431276369
23.51,01.15,0.7515860542966657
23.51,01.26,0.7928845146397724
23.51,10.32,0.7664457000467264
23.51,10.39,0.7637727042571149
23.51,10.71,0.7808821040308739
23.51,10.72,0.7808821040308739
23.51,10.81,0.7566793365557922
23.51,10.84,0.7792616412521286
23.51,11.05,0.7697561117706492
23.51,11.07,0.8058666435778046
23.51,12.00,0.7537050697643
23.51,14.12,0.7669154595480189
23.51,14.14,0.7500525278239983
23.51,17.21,0.7778332256773139
23.51,22.22,0.7835819889059559
23.51,23.52,0.752277072094333
23.51,35.11,0.768932719444188
23.52,01.26,0.7613531562462215
23.52,01.49,0.757345931774345
23.52,08.11,0.7919760444261137
23.52,10.32,0.7531968179433204
23.52,10.39,0.7930517506083472
23.52,10.42,0.770142282599114
23.52,10.52,0.7564389306273809
23.52,10.61,0.7851673566816175
23.52,10.71,0.8049047696006048
23.52,10.72,0.8049047696006048
23.52,10.82,0.7566236229638588
23.52,10.84,0.7844825496809955
23.52,11.05,0.7607530245860417
23.52,11.07,0.7733172203454595
23.52,12.00,0.7765589921211111
23.52,16.21,0.7547058909029141
23.52,22.22,0.7750594240439828
23.52,23.51,0.752277072094333
23.52,25.11,0.7509378410437122
23.52,25.91,0.7643587177502431
23.52,25.92,0.7732682531785184
23.52,38.11,0.7657000527309481
23.61,01.41,0.7615453247542073
23.61,01.42,0.7571679915690454
23.61,02.20,0.7524679466295152
23.61,10.13,0.7822021951276277
23.61,10.52,0.7570732705568108
23.61,11.07,0.7662728604588
23.61,16.10,0.7599435433192441
23.61,16.21,0.8003053447766788
23.61,16.22,0.8577332618561538
23.61,16.23,0.9813339508020834
23.61,17.21,0.8121667142907532
23.61,22.21,0.7744243508858197
23.61,22.22,0.7531508615329423
23.61,23.69,0.8696229124758874
23.61,24.33,0.7927404958222684
23.61,25.11,0.9312019459408798
23.61,25.12,0.885228262600321
23.61,25.29,0.7603046784510761
23.61,25.91,0.8004534996795262
23.61,25.92,0.7620440763659133
23.61,27.31,0.7626787153744924
23.61,27.32,0.7814935854113607
23.61,27.33,0.7990266806065035
23.61,30.99,0.8032897388951448
23.61,31.01,0.7818610856524149
23.61,31.02,0.7818610856524149
23.61,35.11,0.7611782199556164
23.61,58.13,0.7557055013286041
23.61,58.14,0.7557055013286041
23.61,58.19,0.7591484241767099
23.62,23.69,0.8215017689291882
23.65,23.69,0.7782629407442592
23.65,24.33,0.750471641433891
23.65,25.12,0.7598268361156262
23.69,01.47,0.784112960353649
23.69,01.49,0.7686165993276939
23.69,10.13,0.8134521598230169
23.69,10.42,0.7570245073000098
23.69,10.52,0.8230244798422574
23.69,10.61,0.765745676067769
23.69,10.71,0.7823377715739076
23.69,10.72,0.7823377715739076
23.69,10.86,0.7711685179650213
23.69,10.89,0.7560625893537445
23.69,11.05,0.7796034367346956
23.69,11.07,0.7780086629422553
23.69,16.21,0.8305846982273013
23.69,16.22,0.8456178920883983
23.69,16.23,0.8294699872474303
23.69,17.21,0.7965325501487712
23.69,20.41,0.7706546730928914
23.69,22.21,0.8223954173560117
23.69,22.22,0.8058163749832312
23.69,23.32,0.756575805743737
23.69,23.61,0.8696229124758874
23.69,23.62,0.8215017689291882
23.69,23.65,0.7782629407442592
23.69,24.33,0.8213039059784726
23.69,25.11,0.8958670542466587
23.69,25.12,0.899450813532937
23.69,25.91,0.8435506132385697
23.69,25.92,0.8202418383367054
23.69,27.31,0.7550014636497452
23.69,27.32,0.7755916422221776
23.69,27.33,0.8406776201782502
23.69,27.52,0.7942677859222145
23.69,30.99,0.7926371928509482
23.69,31.01,0.7929022899413518
23.69,31.02,0.7929022899413518
23.69,31.09,0.7581306094131084
23.69,35.11,0.7790698363492748
23.69,58.13,0.761389134918669
23.69,58.14,0.761389134918669
23.70,08.11,0.7517514730162611
23.91,17.12,0.7510009864882088
23.91,22.19,0.7814605510564413
23.91,23.20,0.7547568748148925
23.91,23.43,0.826485922080072
23.91,24.31,0.7570527961101549
23.91,24.32,0.8154651931985095
23.91,24.52,0.7661721977163086
23.91,25.73,0.8424727817282898
23.91,25.94,0.8265451110339881
23.91,27.40,0.773424045771383
23.91,27.51,0.7633932136588533
23.91,28.11,0.8054829453324219
23.91,28.12,0.8415487139827025
23.91,28.13,0.8005949202858973
23.91,28.14,0.8467453935486245
23.91,28.15,0.8112005345813535
23.91,28.21,0.8178490477527207
23.91,28.41,0.7579924286456265
23.91,28.91,0.7572181264679989
23.91,28.94,0.7820438713580266
23.91,28.95,0.7660069347858405
23.91,28.99,0.7986852859533886
23.91,29.10,0.7886189221801705
23.91,29.32,0.8682339582308631
23.91,30.20,0.7618212655387531
23.91,30.92,0.7873104923362337
23.91,71.11,0.7532797250155718
24.10,17.12,0.7514416559594979
24.10,19.10,0.7734956989324357
24.10,24.32,0.8607866997708966
24.20,22.19,0.7804766210671936
24.20,23.20,0.7796325648460227
24.20,24.31,0.7613362083158965
24.20,24.51,0.7789604961924335
24.20,24.52,0.7831661823596726
24.20,25.94,0.75495309314577
24.20,28.15,0.7959154485828654
24.20,28.91,0.7866476402695961
24.20,29.32,0.7811797465988995
24.20,30.92,0.7621154234433617
24.31,22.19,0.7502420392433056
24.31,23.20,0.8002452732351821
24.31,23.91,0.7570527961101549
24.31,24.20,0.7613362083158965
24.31,24.32,0.7942918294183974
24.31,24.33,0.8203973298022065
24.31,28.21,0.7939537740201481
24.31,28.91,0.7781609757501425
24.31,29.32,0.7735271869777363
24.31,30.20,0.8036459726167706
24.32,17.12,0.8342854262564159
24.32,20.16,0.7659273518147232
24.32,23.20,0.7763590691811159
24.32,23.91,0.8154651931985095
24.32,24.10,0.8607866997708966
24.32,24.31,0.7942918294183974
24.32,25.94,0.7645342314919459
24.32,27.40,0.7588687797750941
24.32,28.13,0.7642906151118083
24.32,28.15,0.8432521444229437
24.32,28.21,0.7665912579777956
24.32,28.22,0.7849818939206836
24.32,28.91,0.7848756447927333
24.32,28.94,0.7893811617511097
24.32,28.95,0.7829808595909378
24.32,29.32,0.777761799658482
24.32,30.20,0.7580435306304246
24.33,10.52,0.7734939184679859
24.33,16.21,0.7516531977224659
24.33,16.22,0.820317450266798
24.33,16.23,0.8009693014248573
24.33,20.41,0.7711997423465089
24.33,22.21,0.795659809831244
24.33,22.23,0.7709715957701131
24.33,23.61,0.7927404958222684
24.33,23.65,0.750471641433891
24.33,23.69,0.8213039059784726
24.33,24.31,0.8203973298022065
24.33,25.11,0.9110299270300732
24.33,25.12,0.9250279496660493
24.33,25.29,0.7627889028128504
24.33,25.91,0.8252151624478634
24.33,25.92,0.8042005334764706
24.33,27.32,0.7528156236845935
24.33,27.33,0.8285429111417945
24.33,27.52,0.7873025504288305
24.33,29.31,0.7782253750232614
24.33,31.01,0.7688561407091811
24.33,31.02,0.7688561407091811
24.33,58.13,0.7673622578373502
24.33,58.14,0.7673622578373502
24.41,01.22,0.7967098974305415
24.41,01.25,0.7781988294302158
24.41,01.27,0.7637194570881157
24.41,10.83,0.760537929663772
24.45,20.13,0.802454553774092
24.45,20.59,0.8279275334190386
24.45,24.46,0.7946373179653986
24.45,28.11,0.7607176114590708
24.45,28.22,0.7754491744521679
24.45,30.30,0.8351463495315643
24.45,38.32,0.7522046855233759
24.45,74.20,0.7593152402109749
24.45,90.03,0.81806013423224
24.46,05.10,0.767954610731417
24.46,20.13,0.9645841255189616
24.46,24.45,0.7946373179653986
24.46,30.30,0.7563245444141564
24.51,23.20,0.782403972748998
24.51,24.20,0.7789604961924335
24.51,24.52,0.9307628048240622
24.51,25.94,0.7882617448162068
24.52,23.91,0.7661721977163086
24.52,24.20,0.7831661823596726
24.52,24.51,0.9307628048240622
24.52,25.94,0.781087267267265
24.52,28.12,0.7901846326037328
24.52,28.14,0.7837634462140612
24.52,28.15,0.7629969896895733
24.52,28.99,0.7633226456739848
25.11,01.41,0.754171598256924
25.11,10.13,0.810382578407285
25.11,10.42,0.7574086456356481
25.11,10.52,0.7977850348665863
25.11,10.71,0.7581211163466167
25.11,10.72,0.7581211163466167
25.11,11.05,0.769530384224354
25.11,11.07,0.8009913112608862
25.11,14.31,0.7715776667774268
25.11,16.21,0.8351349517411892
25.11,16.22,0.9151036263503175
25.11,16.23,0.9390086074628103
25.11,17.21,0.8194720618828928
25.11,17.23,0.7531065006672553
25.11,20.41,0.7817526213562287
25.11,22.21,0.8135157509681039
25.11,22.22,0.7764782001152983
25.11,22.23,0.7965160892864135
25.11,23.42,0.7837886320233839
25.11,23.52,0.7509378410437122
25.11,23.61,0.9312019459408798
25.11,23.69,0.8958670542466587
25.11,24.33,0.9110299270300732
25.11,25.12,0.9926227200820985
25.11,25.29,0.7724769068085888
25.11,25.91,0.8512962918049864
25.11,25.92,0.8239453699496693
25.11,27.31,0.8037536757698229
25.11,27.32,0.8204534455254964
25.11,27.33,0.8728616807684311
25.11,27.52,0.7986173125700495
25.11,29.20,0.7592510624650847
25.11,29.31,0.7863050212567798
25.11,30.99,0.816775246437286
25.11,31.01,0.8332343843951664
25.11,31.02,0.8332343843951664
25.11,31.09,0.7894665525292792
25.11,35.11,0.7904924196981715
25.11,58.13,0.7993387247641057
25.11,58.14,0.7993387247641057
25.11,58.19,0.7652936772315848
25.12,10.13,0.8072882829642549
25.12,10.42,0.7510306173803625
25.12,10.52,0.8027445077740996
25.12,10.71,0.7617864855820433
25.12,10.72,0.7617864855820433
25.12,11.05,0.77073976392636
25.12,11.07,0.800156809650794
25.12,14.31,0.7764563192247887
25.12,16.21,0.8317875183277121
25.12,16.22,0.9120379518187481
25.12,16.23,0.8956591536984765
25.12,17.21,0.8084043771426405
25.12,20.41,0.7827461680433359
25.12,22.21,0.8143087536128366
25.12,22.22,0.778657207072983
25.12,22.23,0.8113755532747746
25.12,23.42,0.7864283415864669
25.12,23.61,0.885228262600321
25.12,23.65,0.7598268361156262
25.12,23.69,0.899450813532937
25.12,24.33,0.9250279496660493
25.12,25.11,0.9926227200820985
25.12,25.21,0.7540529382947224
25.12,25.29,0.7604547671052565
25.12,25.91,0.8554289655916714
25.12,25.92,0.8308349169610213
25.12,27.31,0.7995680161862748
25.12,27.32,0.8151440344717114
25.12,27.33,0.8824313510728322
25.12,27.52,0.8095596330600466
25.12,29.20,0.7522744140414903
25.12,29.31,0.796823780748359
25.12,30.99,0.8066249493892232
25.12,31.01,0.8355009505482043
25.12,31.02,0.8355009505482043
25.12,31.09,0.7912067829298208
25.12,35.11,0.7893662054054513
25.12,58.13,0.7986625857368541
25.12,58.14,0.7986625857368541
25.12,58.19,0.7561938027555005
25.21,01.47,0.770712299214783
25.21,16.22,0.780078803023398
25.21,22.19,0.7632168881426518
25.21,23.32,0.7620085100795626
25.21,25.12,0.7540529382947224
25.21,25.72,0.8319808481776423
25.21,27.33,0.8650674534076777
25.21,27.51,0.8219264981356036
25.21,27.52,0.8496968617815039
25.21,28.13,0.7553030328639665
25.21,28.15,0.7637993782461793
25.21,28.21,0.8167230663265029
25.21,28.25,0.7994912929962528
25.21,28.93,0.838038919138641
25.21,29.20,0.7939895707257615
25.21,29.32,0.7734528136528405
25.21,30.20,0.83814666321511
25.21,30.99,0.7881144897805359
25.21,31.01,0.8358270806941613
25.21,31.02,0.8358270806941613
25.21,31.09,0.8300560637848249
25.21,58.13,0.8165777077159713
25.21,58.14,0.8165777077159713
25.29,10.52,0.766708053045982
25.29,10.71,0.7534475174008366
25.29,10.72,0.7534475174008366
25.29,16.23,0.7638619746329962
25.29,17.21,0.7732519193369467
25.29,20.41,0.8407137474232997
25.29,22.21,0.8176271436710244
25.29,22.22,0.7661448680595221
25.29,23.61,0.7603046784510761
25.29,24.33,0.7627889028128504
25.29,25.11,0.7724769068085888
25.29,25.12,0.7604547671052565
25.29,25.91,0.810770856671051
25.29,25.92,0.7973353889681238
25.29,58.19,0.7620589805095154
25.40,25.73,0.7777236694597776
25.40,28.21,0.7515692131312566
25.72,22.19,0.8015703789214106
25.72,23.12,0.7673519937145865
25.72,23.20,0.7749294753750516
25.72,23.43,0.7781356456760785
25.72,25.21,0.8319808481776423
25.72,25.93,0.8282384643538868
25.72,27.11,0.7787353281609859
25.72,27.33,0.819770019853916
25.72,27.40,0.7948867806083044
25.72,27.51,0.8555129806851777
25.72,27.52,0.8223036566559292
25.72,28.15,0.782460293911347
25.72,28.21,0.7740368590168513
25.72,28.25,0.8259552901836062
25.72,28.91,0.7578630092357604
25.72,29.31,0.8080633000865004
25.72,29.32,0.8441949109613986
25.72,30.20,0.7510336815067704
25.72,30.92,0.8291271745633988
25.72,31.01,0.8318800420925699
25.72,31.02,0.8318800420925699
25.72,31.09,0.8398613637397618
25.73,23.91,0.8424727817282898
25.73,25.40,0.7777236694597776
25.73,25.94,0.8102656119635212
25.73,28.12,0.7802301824104989
25.73,28.14,0.7999552403644046
25.73,28.21,0.8029241411403527
25.73,28.41,0.7833588183994638
25.73,28.91,0.7564697127079644
25.73,28.95,0.7670422584948826
25.73,28.99,0.7797591915775345
25.91,01.47,0.7618225198509849
25.91,01.49,0.7825361621678312
25.91,10.13,0.8001366287977265
25.91,10.32,0.7701531586034143
25.91,10.42,0.7577948606525327
25.91,10.52,0.8257847462472503
25.91,10.61,0.7852879297333948
25.91,10.71,0.8381679991254591
25.91,10.72,0.8381679991254591
25.91,10.84,0.7763038371813951
25.91,10.86,0.766128653848531
25.91,10.91,0.7808272555137525
25.91,10.92,0.7829518566422381
25.91,11.05,0.8132329320481286
25.91,11.07,0.7953157760326847
25.91,16.22,0.7784733294638586
25.91,16.23,0.7793260603192369
25.91,17.21,0.863287161291351
25.91,20.30,0.7783170043101093
25.91,20.41,0.8408707746690953
25.91,22.21,0.8213606724190606
25.91,22.22,0.7987029895620541
25.91,23.52,0.7643587177502431
25.91,23.61,0.8004534996795262
25.91,23.69,0.8435506132385697
25.91,24.33,0.8252151624478634
25.91,25.11,0.8512962918049864
25.91,25.12,0.8554289655916714
25.91,25.29,0.810770856671051
25.91,25.92,0.8902001906835648
25.91,27.32,0.7577250187823039
25.91,27.33,0.7578119440333695
25.91,35.11,0.7688899651990486
25.91,58.13,0.7549762927517519
25.91,58.14,0.7549762927517519
25.91,58.19,0.8074870954189302
25.92,01.41,0.7562457192347544
25.92,01.42,0.7551241097091264
25.92,01.47,0.7778213188348686
25.92,01.49,0.7565930777956685
25.92,10.13,0.8011905697106996
25.92,10.52,0.8265735308358442
25.92,10.61,0.8196056916609984
25.92,10.71,0.7986060309553871
25.92,10.72,0.7986060309553871
25.92,10.86,0.7912073410911584
25.92,10.89,0.7797233403629857
25.92,10.91,0.824664625642826
25.92,10.92,0.8264222937536765
25.92,11.05,0.8102234671595125
25.92,11.07,0.7644957925310516
25.92,16.22,0.778041211623721
25.92,16.23,0.7575522705019202
25.92,17.21,0.7885789062181126
25.92,20.30,0.783972831656822
25.92,20.41,0.8682335391536318
25.92,22.21,0.8082338168252835
25.92,22.22,0.7771380910862641
25.92,23.32,0.776933467300599
25.92,23.52,0.7732682531785184
25.92,23.61,0.7620440763659133
25.92,23.69,0.8202418383367054
25.92,24.33,0.8042005334764706
25.92,25.11,0.8239453699496693
25.92,25.12,0.8308349169610213
25.92,25.29,0.7973353889681238
25.92,25.91,0.8902001906835648
25.92,27.31,0.7636967394081235
25.92,27.32,0.7861206369229072
25.92,27.33,0.7820411905008708
25.92,27.52,0.750236806909927
25.92,28.93,0.7564596453452942
25.92,29.31,0.7809576276626788
25.92,30.99,0.7676056907711513
25.92,35.11,0.7955147842147501
25.92,58.13,0.8170372740657911
25.92,58.14,0.8170372740657911
25.92,58.19,0.8439307724323979
25.93,13.96,0.7623324777846507
25.93,22.19,0.7622329004612857
25.93,25.72,0.8282384643538868
25.93,27.40,0.7596228540804573
25.93,27.51,0.763864712875908
25.93,28.21,0.7541443688271665
25.93,29.31,0.750032530487986
25.93,29.32,0.8234559750965316
25.93,30.92,0.8003860510485687
25.94,22.19,0.7514537960163753
25.94,23.20,0.780718554130289
25.94,23.43,0.7651614140068959
25.94,23.91,0.8265451110339881
25.94,24.20,0.75495309314577
25.94,24.32,0.7645342314919459
25.94,24.51,0.7882617448162068
25.94,24.52,0.781087267267265
25.94,25.73,0.8102656119635212
25.94,28.12,0.7728699116344346
25.94,28.13,0.7907598934435761
25.94,28.14,0.7986538492395598
25.94,28.15,0.8343867317714913
25.94,28.91,0.8041746769835924
25.94,28.94,0.8042472945137196
25.94,29.32,0.7702659336816119
25.94,30.20,0.7687998382622938
25.94,30.92,0.7891868136251871
25.99,13.20,0.8035673031843706
26.12,26.20,0.9821348077361428
26.12,26.30,0.7772546892886524
26.12,26.40,0.7844408625295028
26.12,26.51,0.7668098817271642
26.12,26.70,0.8481486263523663
26.12,26.80,0.9821348077361428
26.12,28.49,0.7864300121111462
26.12,32.50,0.7511429943762494
26.12,58.29,0.9821348077361428
26.12,59.11,0.9821382015278881
26.12,59.20,0.9820900468652607
26.20,20.59,0.7637740677712639
26.20,26.12,0.9821348077361428
26.20,26.51,0.7716514754497686
26.20,26.70,0.7784471684750103
26.20,26.80,1.0000000000000002
26.20,58.29,1.0000000000000002
26.20,59.11,0.9999999449972974
26.20,59.20,0.9999993275036074
26.30,26.12,0.7772546892886524
26.30,26.40,0.9993120690079919
26.30,26.70,0.9602120939234824
26.30,28.49,0.7715864936931278
26.40,26.12,0.7844408625295028
26.40,26.30,0.9993120690079919
26.40,26.70,0.9641074282476735
26.40,28.49,0.7790399455201379
26.51,18.13,0.7642330984300738
26.51,20.59,0.8013186628438975
26.51,26.12,0.7668098817271642
26.51,26.20,0.7716514754497686
26.51,26.60,0.8035825786552739
26.51,26.80,0.7716514754497688
26.51,28.11,0.8128025600075693
26.51,28.12,0.8719876470833363
26.51,28.13,0.794617779593725
26.51,28.14,0.8324293864956605
26.51,28.22,0.7833471988220049
26.51,28.29,0.7949497757730647
26.51,28.49,0.7590320510812332
26.51,28.99,0.8343503823463825
26.51,58.29,0.7716514754497688
26.51,59.11,0.7717135533985371
26.51,59.20,0.7718997663559707
26.52,15.12,0.7506526547154874
26.52,32.50,0.7784138821297789
26.52,90.03,0.773290380282602
26.60,18.13,0.7666461151700135
26.60,20.59,0.8437177602626603
26.60,21.10,0.770681119234327
26.60,21.20,0.7641518256586668
26.60,26.51,0.8035825786552739
26.60,28.22,0.7650483295512405
26.60,28.29,0.7503379859683338
26.60,32.50,0.7801588804258643
26.70,26.12,0.8481486263523663
26.70,26.20,0.7784471684750103
26.70,26.30,0.9602120939234824
26.70,26.40,0.9641074282476735
26.70,26.80,0.7784471684750103
26.70,28.49,0.8559723623449671
26.70,58.29,0.7784471684750103
26.70,59.11,0.7784237967936428
26.70,59.20,0.7783937007306069
26.80,20.59,0.7637740677712639
26.80,26.12,0.9821348077361428
26.80,26.20,1.0000000000000002
26.80,26.51,0.7716514754497688
26.80,26.70,0.7784471684750103
26.80,58.29,1.0000000000000002
26.80,59.11,0.9999999449972974
26.80,59.20,0.9999993275036075
27.11,22.19,0.7900102407259058
27.11,23.43,0.7724766903608048
27.11,25.72,0.7787353281609859
27.11,27.51,0.7674903006998367
27.11,27.90,0.7622031768958182
27.11,28.13,0.7685833055558751
27.11,28.14,0.7623629328949648
27.11,28.25,0.8023929291760233
27.11,29.31,0.7718459631023805
27.11,29.32,0.764972841544348
27.31,14.12,0.7966196353020687
27.31,14.13,0.7822858640631438
27.31,14.14,0.7762357391913883
27.31,14.31,0.7558080162888761
27.31,14.39,0.7841719017510095
27.31,16.22,0.7693165220167366
27.31,16.23,0.7723450003318287
27.31,17.21,0.7642863513452826
27.31,23.42,0.8434697094725843
27.31,23.61,0.7626787153744924
27.31,23.69,0.7550014636497452
27.31,25.11,0.8037536757698229
27.31,25.12,0.7995680161862748
27.31,25.92,0.7636967394081235
27.31,27.32,0.9939523322987529
27.31,27.52,0.7514601641098639
27.31,27.90,0.9280313921352609
27.31,29.31,0.9029513266951079
27.31,31.01,0.7790997956624997
27.31,31.02,0.7790997956624997
27.31,31.09,0.7749425426007384
27.32,10.71,0.7504986102422576
27.32,10.72,0.7504986102422576
27.32,14.12,0.8081420607144665
27.32,14.13,0.7916207771368089
27.32,14.14,0.7840239866671416
27.32,14.31,0.7723898651222765
27.32,14.39,0.7906231258681818
27.32,16.22,0.7775819077434195
27.32,16.23,0.7871889230530696
27.32,17.21,0.7842919292989903
27.32,23.42,0.8521021167962439
27.32,23.61,0.7814935854113607
27.32,23.69,0.7755916422221776
27.32,24.33,0.7528156236845935
27.32,25.11,0.8204534455254964
27.32,25.12,0.8151440344717114
27.32,25.91,0.7577250187823039
27.32,25.92,0.7861206369229072
27.32,27.31,0.9939523322987529
27.32,27.52,0.7742016169985828
27.32,27.90,0.9091110145209367
27.32,29.31,0.893835900397334
27.32,31.01,0.7905252593499926
27.32,31.02,0.7905252593499926
27.32,31.09,0.7849819263421491
27.33,01.47,0.7822644623243379
27.33,10.13,0.7639290226195974
27.33,14.31,0.7547115212471318
27.33,16.21,0.8031102970806863
27.33,16.22,0.8631564311486013
27.33,16.23,0.8083423427434043
27.33,22.19,0.7573167410350132
27.33,22.23,0.834748895411775
27.33,23.13,0.7547844305651922
27.33,23.43,0.7924715368795412
27.33,23.61,0.7990266806065035
27.33,23.69,0.8406776201782502
27.33,24.33,0.8285429111417945
27.33,25.11,0.8728616807684311
27.33,25.12,0.8824313510728322
27.33,25.21,0.8650674534076777
27.33,25.72,0.819770019853916
27.33,25.91,0.7578119440333695
27.33,25.92,0.7820411905008708
27.33,27.51,0.8362659063090921
27.33,27.52,0.8372253443597102
27.33,27.90,0.7567138098877373
27.33,28.25,0.8397377046002165
27.33,29.20,0.8012763192610389
27.33,29.31,0.8137570852787445
27.33,29.32,0.7986591957950199
27.33,30.99,0.8056244547150797
27.33,31.01,0.8551922858280079
27.33,31.02,0.8551922858280079
27.33,31.09,0.837222537498149
27.33,35.11,0.7616179815481517
27.33,58.13,0.7533334478993089
27.33,58.14,0.7533334478993089
27.40,22.19,0.7606848489494353
27.40,22.29,0.8609692331161329
27.40,23.12,0.8252036003465861
27.40,23.19,0.7810433050249819
27.40,23.20,0.8003677114909395
27.40,23.43,0.8084895208847878
27.40,23.91,0.773424045771383
27.40,24.32,0.7588687797750941
27.40,25.72,0.7948867806083044
27.40,25.93,0.7596228540804573
27.40,27.51,0.8426456873692851
27.40,28.13,0.793786767902732
27.40,28.14,0.7647990803026609
27.40,28.15,0.8659629020650791
27.40,28.25,0.8410875662926024
27.40,29.32,0.8175700790055188
27.40,30.92,0.8960909918216258
27.51,22.19,0.8354580601716571
27.51,22.23,0.791613092070319
27.51,23.12,0.7922981618977973
27.51,23.20,0.752096359009178
27.51,23.43,0.7965127846468866
27.51,23.91,0.7633932136588533
27.51,25.21,0.8219264981356036
27.51,25.72,0.8555129806851777
27.51,25.93,0.763864712875908
27.51,27.11,0.7674903006998367
27.51,27.33,0.8362659063090921
27.51,27.40,0.8426456873692851
27.51,27.52,0.7974022021271684
27.51,28.13,0.811723132250459
27.51,28.15,0.789777737756538
27.51,28.25,0.9668394958324942
27.51,29.31,0.8256096929108065
27.51,29.32,0.8796797316934564
27.51,30.20,0.7643659668088023
27.51,30.92,0.850287580302268
27.51,31.01,0.7900427558459575
27.51,31.02,0.7900427558459575
27.51,31.09,0.7990822763104382
27.52,14.31,0.7696675821406389
27.52,16.21,0.7612554477945774
27.52,16.22,0.7870099090217879
27.52,23.12,0.7524456826286637
27.52,23.13,0.7600035050520508
27.52,23.42,0.7627132268796457
27.52,23.69,0.7942677859222145
27.52,24.33,0.7873025504288305
27.52,25.11,0.7986173125700495
27.52,25.12,0.8095596330600466
27.52,25.21,0.8496968617815039
27.52,25.72,0.8223036566559292
27.52,25.92,0.750236806909927
27.52,27.31,0.7514601641098639
27.52,27.32,0.7742016169985828
27.52,27.33,0.8372253443597102
27.52,27.51,0.7974022021271684
27.52,28.25,0.7785790387230584
27.52,29.20,0.7735305934025988
27.52,29.31,0.8037253185972633
27.52,30.99,0.8163499865465622
27.52,31.01,0.8790027458233938
27.52,31.02,0.8790027458233938
27.52,31.09,0.8836728896562283
27.90,23.42,0.7666868012669428
27.90,27.11,0.7622031768958182
27.90,27.31,0.9280313921352609
27.90,27.32,0.9091110145209367
27.90,27.33,0.7567138098877373
27.90,28.25,0.7511982370499058
27.90,29.31,0.9226359628485954
28.11,20.17,0.7533090226661023
28.11,20.59,0.7701483208404019
28.11,23.91,0.8054829453324219
28.11,24.45,0.7607176114590708
28.11,26.51,0.8128025600075693
28.11,28.12,0.8391121200598215
28.11,28.13,0.8337999177414188
28.11,28.14,0.7694499176863575
28.11,28.15,0.7737757000770584
28.11,28.99,0.7681539315408896
28.11,30.20,0.776717489315043
28.11,30.30,0.8295342703483057
28.12,18.13,0.7948053310771866
28.12,23.91,0.8415487139827025
28.12,24.52,0.7901846326037328
28.12,25.73,0.7802301824104989
28.12,25.94,0.7728699116344346
28.12,26.51,0.8719876470833363
28.12,28.11,0.8391121200598215
28.12,28.13,0.9282014479647412
28.12,28.14,0.9556573821085192
28.12,28.15,0.851918013474181
28.12,28.21,0.8000844722203813
28.12,28.22,0.7802063966493508
28.12,28.29,0.8003883732731605
28.12,28.30,0.7661269457103288
28.12,28.94,0.755150179457929
28.12,28.95,0.7591185388214006
28.12,28.99,0.8538267128787391
28.12,29.32,0.7787251176408876
28.12,30.20,0.7624080017244415
28.13,18.13,0.767439077258553
28.13,20.17,0.7840319581859395
28.13,22.19,0.815562810396983
28.13,23.20,0.7562852036690365
28.13,23.43,0.7861990414251432
28.13,23.91,0.8005949202858973
28.13,24.32,0.7642906151118083
28.13,25.21,0.7553030328639665
28.13,25.94,0.7907598934435761
28.13,26.51,0.794617779593725
28.13,27.11,0.7685833055558751
28.13,27.40,0.793786767902732
28.13,27.51,0.811723132250459
28.13,28.11,0.8337999177414188
28.13,28.12,0.9282014479647412
28.13,28.14,0.8640033329605701
28.13,28.15,0.8872582977867787
28.13,28.21,0.7654668545017422
28.13,28.25,0.8623811807062081
28.13,28.94,0.770512828128841
28.13,28.99,0.774757363920897
28.13,29.32,0.8335046987661674
28.13,30.20,0.7925458683161535
28.13,30.92,0.7785809298233944
28.14,18.13,0.7911383362464346
28.14,23.91,0.8467453935486245
28.14,24.52,0.7837634462140612
28.14,25.73,0.7999552403644046
28.14,25.94,0.7986538492395598
28.14,26.51,0.8324293864956605
28.14,27.11,0.7623629328949648
28.14,27.40,0.7647990803026609
28.14,28.11,0.7694499176863575
28.14,28.12,0.9556573821085192
28.14,28.13,0.8640033329605701
28.14,28.15,0.814314970604535
28.14,28.21,0.7742057074412024
28.14,28.29,0.7828294689810484
28.14,28.94,0.7589047460950226
28.14,28.99,0.8085309117753503
28.14,29.32,0.7608701745853026
28.14,30.92,0.7526800613288851
28.14,32.50,0.7561394227917626
28.15,17.12,0.7575946297304145
28.15,22.19,0.8088152717336186
28.15,23.20,0.8264800552693403
28.15,23.43,0.8050578507843517
28.15,23.91,0.8112005345813535
28.15,24.20,0.7959154485828654
28.15,24.32,0.8432521444229437
28.15,24.52,0.7629969896895733
28.15,25.21,0.7637993782461793
28.15,25.72,0.782460293911347
28.15,25.94,0.8343867317714913
28.15,27.40,0.8659629020650791
28.15,27.51,0.789777737756538
28.15,28.11,0.7737757000770584
28.15,28.12,0.851918013474181
28.15,28.13,0.8872582977867787
28.15,28.14,0.814314970604535
28.15,28.21,0.7739164005152183
28.15,28.25,0.8062682781250645
28.15,28.91,0.7954579081583435
28.15,28.94,0.7871420855866319
28.15,29.32,0.8362258581651951
28.15,30.20,0.8409164473115398
28.15,30.92,0.841968609648308
28.21,23.20,0.7559412507931043
28.21,23.91,0.8178490477527207
28.21,24.31,0.7939537740201481
28.21,24.32,0.7665912579777956
28.21,25.21,0.8167230663265029
28.21,25.40,0.7515692131312566
28.21,25.72,0.7740368590168513
28.21,25.73,0.8029241411403527
28.21,25.93,0.7541443688271665
28.21,28.12,0.8000844722203813
28.21,28.13,0.7654668545017422
28.21,28.14,0.7742057074412024
28.21,28.15,0.7739164005152183
28.21,28.91,0.768301999123401
28.21,28.93,0.7760680144887235
28.21,28.95,0.7635964994599989
28.21,28.99,0.7858771926566892
28.21,29.32,0.7952963603440106
28.21,30.20,0.8168645411273021
28.21,58.13,0.7520872432325372
28.21,58.14,0.7520872432325372
28.21,71.11,0.8118893627499215
28.22,20.52,0.7577295194883075
28.22,20.59,0.8821975958679111
28.22,24.32,0.7849818939206836
28.22,24.45,0.7754491744521679
28.22,26.51,0.7833471988220049
28.22,26.60,0.7650483295512405
28.22,28.12,0.7802063966493508
28.22,28.29,0.7541700757275165
28.22,28.99,0.7636854812423823
28.23,23.49,0.7753699431276369
28.25,22.19,0.8381068085613643
28.25,22.23,0.7684500881567798
28.25,23.12,0.7699336430302294
28.25,23.43,0.806130748247182
28.25,25.21,0.7994912929962528
28.25,25.72,0.8259552901836062
28.25,27.11,0.8023929291760233
28.25,27.33,0.8397377046002165
28.25,27.40,0.8410875662926024
28.25,27.51,0.9668394958324942
28.25,27.52,0.7785790387230584
28.25,27.90,0.7511982370499058
28.25,28.13,0.8623811807062081
28.25,28.15,0.8062682781250645
28.25,29.31,0.8292096460834203
28.25,29.32,0.8739525434664388
28.25,30.92,0.848639934388544
28.25,31.01,0.75607104310851
28.25,31.02,0.75607104310851
28.25,31.09,0.7707805213000156
28.29,18.13,0.7809496354830564
28.29,20.59,0.7541044428638264
28.29,26.51,0.7949497757730647
28.29,26.60,0.7503379859683338
28.29,28.12,0.8003883732731605
28.29,28.14,0.7828294689810484
28.29,28.22,0.7541700757275165
28.29,28.41,0.7858033972244627
28.29,28.49,0.8089795819355092
28.29,28.99,0.7810152796379699
28.29,32.50,0.7892343149400871
28.30,10.11,0.7901492187901193
28.30,10.12,0.7600716411091372
28.30,10.62,0.8038259813430526
28.30,11.06,0.7791365739649003
28.30,17.12,0.778123290067906
28.30,20.52,0.7681138351363804
28.30,20.59,0.7835024626905234
28.30,28.12,0.7661269457103288
28.30,28.92,0.8253733521372721
28.30,29.20,0.7815869432104094
28.41,18.13,0.8197784138906618
28.41,23.91,0.7579924286456265
28.41,25.73,0.7833588183994638
28.41,28.29,0.7858033972244627
28.41,28.91,0.7774540246846102
28.41,28.94,0.8628535080367921
28.41,28.95,0.8130969616242611
28.41,28.99,0.7883121954326113
28.49,23.44,0.7646056736151035
28.49,26.12,0.7864300121111462
28.49,26.30,0.7715864936931278
28.49,26.40,0.7790399455201379
28.49,26.51,0.7590320510812332
28.49,26.70,0.8559723623449671
28.49,28.29,0.8089795819355092
28.49,32.50,0.7502377851446504
28.91,23.91,0.7572181264679989
28.91,24.20,0.7866476402695961
28.91,24.31,0.7781609757501425
28.91,24.32,0.7848756447927333
28.91,25.72,0.7578630092357604
28.91,25.73,0.7564697127079644
28.91,25.94,0.8041746769835924
28.91,28.15,0.7954579081583435
28.91,28.21,0.768301999123401
28.91,28.41,0.7774540246846102
28.91,28.94,0.8025929607712876
28.92,17.12,0.7929768609031738
28.92,28.30,0.8253733521372721
28.92,29.10,0.7981717120461478
28.93,10.51,0.7718941938610051
28.93,23.32,0.7809501382255295
28.93,25.21,0.838038919138641
28.93,25.92,0.7564596453452942
28.93,28.21,0.7760680144887235
28.93,30.20,0.7616955413228725
28.93,58.13,0.804136253439481
28.93,58.14,0.804136253439481
28.94,18.13,0.8089873481861798
28.94,23.91,0.7820438713580266
28.94,24.32,0.7893811617511097
28.94,25.94,0.8042472945137196
28.94,28.12,0.755150179457929
28.94,28.13,0.770512828128841
28.94,28.14,0.7589047460950226
28.94,28.15,0.7871420855866319
28.94,28.41,0.8628535080367921
28.94,28.91,0.8025929607712876
28.94,28.95,0.8110126065244145
28.94,30.20,0.7570910376435682
28.95,18.13,0.763820385293358
28.95,23.91,0.7660069347858405
28.95,24.32,0.7829808595909378
28.95,25.73,0.7670422584948826
28.95,28.12,0.7591185388214006
28.95,28.21,0.7635964994599989
28.95,28.41,0.8130969616242611
28.95,28.94,0.8110126065244145
28.95,28.99,0.7669776421203348
28.95,30.20,0.7602043997643586
28.99,18.13,0.8474402609899494
28.99,20.59,0.7597705152379128
28.99,23.91,0.7986852859533886
28.99,24.52,0.7633226456739848
28.99,25.73,0.7797591915775345
28.99,26.51,0.8343503823463825
28.99,28.11,0.7681539315408896
28.99,28.12,0.8538267128787391
28.99,28.13,0.774757363920897
28.99,28.14,0.8085309117753503
28.99,28.21,0.7858771926566892
28.99,28.22,0.7636854812423823
28.99,28.29,0.7810152796379699
28.99,28.41,0.7883121954326113
28.99,28.95,0.7669776421203348
29.10,22.19,0.7989778949991088
29.10,23.20,0.7582089996752033
29.10,23.91,0.7886189221801705
29.10,28.92,0.7981717120461478
29.10,29.32,0.8787517884348921
29.10,30.92,0.7835409543861506
29.20,11.06,0.7596780505274753
29.20,16.22,0.7837491702845845
29.20,16.23,0.7614817060258294
29.20,23.12,0.7582982075486102
29.20,23.14,0.7664544844257586
29.20,25.11,0.7592510624650847
29.20,25.12,0.7522744140414903
29.20,25.21,0.7939895707257615
29.20,27.33,0.8012763192610389
29.20,27.52,0.7735305934025988
29.20,28.30,0.7815869432104094
29.20,30.99,0.93115172176358
29.20,31.01,0.7678957808512368
29.20,31.02,0.7678957808512368
29.20,31.09,0.7608804657155412
29.31,22.19,0.802217358454878
29.31,23.42,0.79566654374487
29.31,24.33,0.7782253750232614
29.31,25.11,0.7863050212567798
29.31,25.12,0.796823780748359
29.31,25.72,0.8080633000865004
29.31,25.92,0.7809576276626788
29.31,25.93,0.750032530487986
29.31,27.11,0.7718459631023805
29.31,27.31,0.9029513266951079
29.31,27.32,0.893835900397334
29.31,27.33,0.8137570852787445
29.31,27.51,0.8256096929108065
29.31,27.52,0.8037253185972633
29.31,27.90,0.9226359628485954
29.31,28.25,0.8292096460834203
29.31,29.32,0.8340414032119878
29.31,30.92,0.7818321061976743
29.31,31.01,0.7860121387845365
29.31,31.02,0.7860121387845365
29.31,31.09,0.7945532954018959
29.32,22.19,0.921153697057528
29.32,23.12,0.8004201570937375
29.32,23.20,0.8129099163793232
29.32,23.43,0.8211008631000916
29.32,23.91,0.8682339582308631
29.32,24.20,0.7811797465988995
29.32,24.31,0.7735271869777363
29.32,24.32,0.777761799658482
29.32,25.21,0.7734528136528405
29.32,25.72,0.8441949109613986
29.32,25.93,0.8234559750965316
29.32,25.94,0.7702659336816119
29.32,27.11,0.764972841544348
29.32,27.33,0.7986591957950199
29.32,27.40,0.8175700790055188
29.32,27.51,0.8796797316934564
29.32,28.12,0.7787251176408876
29.32,28.13,0.8335046987661674
29.32,28.14,0.7608701745853026
29.32,28.15,0.8362258581651951
29.32,28.21,0.7952963603440106
29.32,28.25,0.8739525434664388
29.32,29.10,0.8787517884348921
29.32,29.31,0.8340414032119878
29.32,30.20,0.7763656202608384
29.32,30.92,0.8750025437314284
30.12,32.11,0.7521644979737105
30.12,58.13,0.7728166369987315
30.12,58.14,0.7728166369987315
30.20,22.19,0.7731387040123661
30.20,23.20,0.8407480010306305
30.20,23.91,0.7618212655387531
30.20,24.31,0.8036459726167706
30.20,24.32,0.7580435306304246
30.20,25.21,0.83814666321511
30.20,25.72,0.7510336815067704
30.20,25.94,0.7687998382622938
30.20,27.51,0.7643659668088023
30.20,28.11,0.776717489315043
30.20,28.12,0.7624080017244415
30.20,28.13,0.7925458683161535
30.20,28.15,0.8409164473115398
30.20,28.21,0.8168645411273021
30.20,28.93,0.7616955413228725
30.20,28.94,0.7570910376435682
30.20,28.95,0.7602043997643586
30.20,29.32,0.7763656202608384
30.30,20.13,0.784820421221117
30.30,20.59,0.76286418787683
30.30,24.45,0.8351463495315643
30.30,24.46,0.7563245444141564
30.30,28.11,0.8295342703483057
30.92,22.19,0.8224633722269366
30.92,23.12,0.7585858371683729
30.92,23.20,0.7847774005208885
30.92,23.43,0.8433253547734216
30.92,23.91,0.7873104923362337
30.92,24.20,0.7621154234433617
30.92,25.72,0.8291271745633988
30.92,25.93,0.8003860510485687
30.92,25.94,0.7891868136251871
30.92,27.40,0.8960909918216258
30.92,27.51,0.850287580302268
30.92,28.13,0.7785809298233944
30.92,28.14,0.7526800613288851
30.92,28.15,0.841968609648308
30.92,28.25,0.848639934388544
30.92,29.10,0.7835409543861506
30.92,29.31,0.7818321061976743
30.92,29.32,0.8750025437314284
30.99,16.22,0.8171225322222876
30.99,16.23,0.8126367227122224
30.99,23.61,0.8032897388951448
30.99,23.69,0.7926371928509482
30.99,25.11,0.816775246437286
30.99,25.12,0.8066249493892232
30.99,25.21,0.7881144897805359
30.99,25.92,0.7676056907711513
30.99,27.33,0.8056244547150797
30.99,27.52,0.8163499865465622
30.99,29.20,0.93115172176358
30.99,31.01,0.8279380652722979
30.99,31.02,0.8279380652722979
30.99,31.03,0.7711486922273245
30.99,31.09,0.8136733442269465
30.99,58.13,0.7833034656802953
30.99,58.14,0.7833034656802953
30.99,58.19,0.780063529171148
31.01,13.92,0.7611862268528261
31.01,14.31,0.8557144760105415
31.01,16.21,0.7794681486338859
31.01,16.22,0.8537655805148452
31.01,16.23,0.8028340372709517
31.01,22.23,0.7659715597905623
31.01,23.42,0.7609220885775856
31.01,23.61,0.7818610856524149
31.01,23.69,0.7929022899413518
31.01,24.33,0.7688561407091811
31.01,25.11,0.8332343843951664
31.01,25.12,0.8355009505482043
31.01,25.21,0.8358270806941613
31.01,25.72,0.8318800420925699
31.01,27.31,0.7790997956624997
31.01,27.32,0.7905252593499926
31.01,27.33,0.8551922858280079
31.01,27.51,0.7900427558459575
31.01,27.52,0.8790027458233938
31.01,28.25,0.75607104310851
31.01,29.20,0.7678957808512368
31.01,29.31,0.7860121387845365
31.01,30.99,0.8279380652722979
31.01,31.02,0.9999999999999998
31.01,31.03,0.817283551023429
31.01,31.09,0.9877887396527067
31.02,13.92,0.7611862268528261
31.02,14.31,0.8557144760105415
31.02,16.21,0.7794681486338859
31.02,16.22,0.8537655805148452
31.02,16.23,0.8028340372709517
31.02,22.23,0.7659715597905623
31.02,23.42,0.7609220885775856
31.02,23.61,0.7818610856524149
31.02,23.69,0.7929022899413518
31.02,24.33,0.7688561407091811
31.02,25.11,0.8332343843951664
31.02,25.12,0.8355009505482043
31.02,25.21,0.8358270806941613
31.02,25.72,0.8318800420925699
31.02,27.31,0.7790997956624997
31.02,27.32,0.7905252593499926
31.02,27.33,0.8551922858280079
31.02,27.51,0.7900427558459575
31.02,27.52,0.8790027458233938
31.02,28.25,0.75607104310851
31.02,29.20,0.7678957808512368
31.02,29.31,0.7860121387845365
31.02,30.99,0.8279380652722979
31.02,31.01,0.9999999999999998
31.02,31.03,0.817283551023429
31.02,31.09,0.9877887396527067
31.03,10.13,0.7635353954685412
31.03,13.92,0.8300574246216847
31.03,13.94,0.7568904541983053
31.03,14.31,0.8117808573870366
31.03,30.99,0.7711486922273245
31.03,31.01,0.817283551023429
31.03,31.02,0.817283551023429
31.03,31.09,0.8064611718737753
31.09,13.92,0.7645465833732354
31.09,14.31,0.8413348508642826
31.09,16.22,0.8073514942512441
31.09,16.23,0.7636737907012817
31.09,23.42,0.7597212423242463
31.09,23.69,0.7581306094131084
31.09,25.11,0.7894665525292792
31.09,25.12,0.7912067829298208
31.09,25.21,0.8300560637848249
31.09,25.72,0.8398613637397618
31.09,27.31,0.7749425426007384
31.09,27.32,0.7849819263421491
31.09,27.33,0.837222537498149
31.09,27.51,0.7990822763104382
31.09,27.52,0.8836728896562283
31.09,28.25,0.7707805213000156
31.09,29.20,0.7608804657155412
31.09,29.31,0.7945532954018959
31.09,30.99,0.8136733442269465
31.09,31.01,0.9877887396527067
31.09,31.02,0.9877887396527067
31.09,31.03,0.8064611718737753
31.09,32.30,0.751422337257594
32.11,30.12,0.7521644979737105
32.12,32.13,0.7955129495666966
32.13,15.12,0.751397890145302
32.13,32.12,0.7955129495666966
32.13,32.99,0.7526758114728916
32.20,32.50,0.7567824691520257
32.30,13.92,0.8315263170158653
32.30,14.11,0.8593993841586105
32.30,14.12,0.8352157846034859
32.30,14.13,0.8579208099167238
32.30,14.14,0.8347552282383663
32.30,14.19,0.8825410401142402
32.30,14.31,0.7722563976974655
32.30,14.39,0.8260566515364905
32.30,15.20,0.9542502570216969
32.30,31.09,0.751422337257594
32.50,26.12,0.7511429943762494
32.50,26.52,0.7784138821297789
32.50,26.60,0.7801588804258643
32.50,28.14,0.7561394227917626
32.50,28.29,0.7892343149400871
32.50,28.49,0.7502377851446504
32.50,32.20,0.7567824691520257
32.99,14.11,0.8303833419016206
32.99,14.19,0.7648648216532006
32.99,15.12,0.7956325108660923
32.99,32.13,0.7526758114728916
35.11,01.41,0.8002076902878634
35.11,01.42,0.8000756770614881
35.11,02.20,0.7789855533302071
35.11,08.12,0.7663851535418823
35.11,10.52,0.7644635429453782
35.11,10.71,0.7947389044341016
35.11,10.72,0.7947389044341016
35.11,10.81,0.7937929259361798
35.11,11.05,0.8429950074588066
35.11,11.07,0.8037528224544288
35.11,16.10,0.8033653149872766
35.11,16.21,0.7624821254979903
35.11,16.22,0.7611242607537227
35.11,16.23,0.7543292834199329
35.11,17.21,0.7725990410143397
35.11,22.22,0.7682458924939911
35.11,23.51,0.768932719444188
35.11,23.61,0.7611782199556164
35.11,23.69,0.7790698363492748
35.11,25.11,0.7904924196981715
35.11,25.12,0.7893662054054513
35.11,25.91,0.7688899651990486
35.11,25.92,0.7955147842147501
35.11,27.33,0.7616179815481517
35.11,38.11,0.7593521980775053
35.21,08.99,0.7602380943754062
38.11,08.12,0.7698274832928869
38.11,10.71,0.7726582628614018
38.11,10.72,0.7726582628614018
38.11,10.84,0.7502346925100387
38.11,11.05,0.7955012652755378
38.11,23.52,0.7657000527309481
38.11,35.11,0.7593521980775053
38.12,19.20,0.9812233407451864
38.12,20.15,0.7559625636361285
38.32,24.45,0.7522046855233759
58.11,20.41,0.7541598383170675
58.11,22.21,0.7503996373884008
58.11,58.13,0.8047776059867573
58.11,58.14,0.8047776059867573
58.13,01.47,0.7507653510463906
58.13,10.13,0.7518223418982973
58.13,10.51,0.7534446483349029
58.13,10.52,0.7892323947155144
58.13,11.05,0.7572218526078852
58.13,20.30,0.8129871472126778
58.13,20.41,0.7551565894797991
58.13,23.32,0.81263150927612
58.13,23.61,0.7557055013286041
58.13,23.69,0.761389134918669
58.13,24.33,0.7673622578373502
58.13,25.11,0.7993387247641057
58.13,25.12,0.7986625857368541
58.13,25.21,0.8165777077159713
58.13,25.91,0.7549762927517519
58.13,25.92,0.8170372740657911
58.13,27.33,0.7533334478993089
58.13,28.21,0.7520872432325372
58.13,28.93,0.804136253439481
58.13,30.12,0.7728166369987315
58.13,30.99,0.7833034656802953
58.13,58.11,0.8047776059867573
58.13,58.14,1.0000000000000002
58.13,58.19,0.820598040963058
58.14,01.47,0.7507653510463906
58.14,10.13,0.7518223418982973
58.14,10.51,0.7534446483349029
58.14,10.52,0.7892323947155144
58.14,11.05,0.7572218526078852
58.14,20.30,0.8129871472126778
58.14,20.41,0.7551565894797991
58.14,23.32,0.81263150927612
58.14,23.61,0.7557055013286041
58.14,23.69,0.761389134918669
58.14,24.33,0.7673622578373502
58.14,25.11,0.7993387247641057
58.14,25.12,0.7986625857368541
58.14,25.21,0.8165777077159713
58.14,25.91,0.7549762927517519
58.14,25.92,0.8170372740657911
58.14,27.33,0.7533334478993089
58.14,28.21,0.7520872432325372
58.14,28.93,0.804136253439481
58.14,30.12,0.7728166369987315
58.14,30.99,0.7833034656802953
58.14,58.11,0.8047776059867573
58.14,58.13,1.0000000000000002
58.14,58.19,0.820598040963058
58.19,10.52,0.8232976519487952
58.19,10.61,0.7514468051715157
58.19,10.91,0.7658067195493818
58.19,10.92,0.7696441475985647
58.19,11.05,0.7855550973042038
58.19,17.21,0.7841712878455754
58.19,17.29,0.7654046439782131
58.19,20.30,0.8604713049870176
58.19,20.41,0.8313458428467791
58.19,22.21,0.8046535504530422
58.19,22.22,0.7558908279740428
58.19,23.61,0.7591484241767099
58.19,25.11,0.7652936772315848
58.19,25.12,0.7561938027555005
58.19,25.29,0.7620589805095154
58.19,25.91,0.8074870954189302
58.19,25.92,0.8439307724323979
58.19,30.99,0.780063529171148
58.19,58.13,0.820598040963058
58.19,58.14,0.820598040963058
58.29,20.59,0.7637740677712639
58.29,26.12,0.9821348077361428
58.29,26.20,1.0000000000000002
58.29,26.51,0.7716514754497688
58.29,26.70,0.7784471684750103
58.29,26.80,1.0000000000000002
58.29,59.11,0.9999999449972974
58.29,59.20,0.9999993275036075
59.11,20.59,0.763807818799129
59.11,26.12,0.9821382015278881
59.11,26.20,0.9999999449972974
59.11,26.51,0.7717135533985371
59.11,26.70,0.7784237967936428
59.11,26.80,0.9999999449972974
59.11,58.29,0.9999999449972974
59.11,59.20,0.9999993877356623
59.20,20.59,0.7641712247461626
59.20,26.12,0.9820900468652607
59.20,26.20,0.9999993275036074
59.20,26.51,0.7718997663559707
59.20,26.70,0.7783937007306069
59.20,26.80,0.9999993275036075
59.20,58.29,0.9999993275036075
59.20,59.11,0.9999993877356623
71.11,23.91,0.7532797250155718
71.11,28.21,0.8118893627499215
74.20,24.45,0.7593152402109749
90.03,24.45,0.81806013423224
90.03,26.52,0.773290380282602
